repo_path,source,source_tag,sha256,size,source_mtime,action,note
archive/superseded/aase-vllm-0.1.1/pretrained.zip,aase-vllm-0.1.1/pretrained.zip,vllm011,10d04e1e210d85472316fa9b325d42e578b31823cefa60cccd94250a6dca2291,413043,2026-01-08 12:39,archive,differs from aase 2 copy; aase 2 version is newer/larger
archive/superseded/aase-vllm-0.1.1/scripts/generate_roc_curves_vllm.py,aase-vllm-0.1.1/scripts/generate_roc_curves_vllm.py,vllm011,288df4e83bf5f3a10768c2d600a5242d624263910f95710b0701b6cf9f7cc6d1,11567,2026-01-03 23:45,archive,differs from aase 2 copy; aase 2 version is newer/larger
archive/superseded/aase_2/setup.py,aase 2/setup.py,aase2,2fb654c4e57594bea790dec94fe5654799c7613cf682a966e647450258dcdd29,1434,2026-01-04 00:18,archive,"version=0.1.0; superseded by aase-vllm-0.1.1/setup.py (version bump, later mtime)"
archive/superseded/loose/af_benchmark_category.py,af_benchmark_category.py,loose,50c9d2f4bbc207cbc215bdc3711b02859271e02fb335ed9ca4491c32cdbaed85,45778,2025-12-27 20:24,archive,differs from canonical runtime/af_benchmark_category.py
archive/superseded/loose/af_benchmark_category_v2.py,af_benchmark_category_v2.py,loose,007a1fd5fd865ef426c90098c705cd7623e6c30e07275d9a504fd5349724631d,79462,2025-12-27 23:44,archive,differs from canonical runtime/af_benchmark_category_v2.py
archive/superseded/loose/af_generate_gemma_vectors.py,af_generate_gemma_vectors.py,loose,14a80d18a56d2b317df21c77bf9d7b9d74830a65c34dbd281a870c083bba64aa,58920,2025-12-28 15:06,archive,differs from canonical runtime/af_distribution/af_generate_gemma_vectors.py
archive/superseded/loose/af_vllm_diagnostic.py,af_vllm_diagnostic.py,loose,28f9f346821abf3cc927def81577a2ce7483d40c942d447d6e1071a250ee866e,10049,2026-01-03 16:58,archive,earlier download variant
archive/superseded/loose/ahd_confidence_wrapper (1).py,ahd_confidence_wrapper (1).py,loose,e3a12c5a0db21ce966f63ef600df92c3fb07c921afa034f52221d7481d0d3e77,18983,2026-01-01 19:12,archive,earlier download variant
archive/superseded/loose/ahd_confidence_wrapper.py,ahd_confidence_wrapper.py,loose,ea902e9cbe7e06bff9c94172917d4d8f18abc61bae897d75256af3a7b2e99e49,18122,2026-01-01 19:10,archive,earlier download variant
archive/superseded/loose/ahd_layer_sweep_gemma9b.py,ahd_layer_sweep_gemma9b.py,loose,0de292579ee23ff7d3561d5d49037a153348e14a2e55072a7a3e31a32eb2edb2,18778,2026-01-01 18:22,archive,earlier download variant
archive/superseded/loose/ihe_core (1).py,ihe_core (1).py,loose,ffd905221fed79bc979c0e6f9d73db5dc1d619d1cc897e11927083574daf961a,64574,2025-12-29 13:59,archive,differs from canonical runtime/ihe/ihe_core.py
archive/superseded/loose/ihe_core (2).py,ihe_core (2).py,loose,a614395a46ac163ab0e8968f0211de9be06ae23fd7b04d8d2bee4cbd24915aca,65493,2025-12-29 14:07,archive,differs from canonical runtime/ihe/ihe_core.py
archive/superseded/loose/ihe_core.py,ihe_core.py,loose,2ffd5d1e740ab600aae09026b0e640a36a1078d9b4937c9edb0055a8e799e7a4,64492,2025-12-29 13:57,archive,differs from canonical runtime/ihe/ihe_core.py
archive/superseded/loose/ihe_train.py,ihe_train.py,loose,2288b10c6a3e373399ae94381d52e8f4f820969db7ad072531609f44e3c326bc,12941,2025-12-29 14:07,archive,differs from canonical runtime/ihe/ihe_train.py
archive/superseded/loose/package_release.py,package_release.py,loose,5b4d000446d767858e0f915fd80e379528f717df3df3acf08108552caa16f87c,22008,2026-01-03 20:14,archive,differs from canonical package/package_release.py
archive/superseded/loose/simpleqa_ahd_benchmark (1).py,simpleqa_ahd_benchmark (1).py,loose,53ee8d2d72cfa26c4d6d0b0aa1d327bdf87793f402d92a68c6e9412678aef661,25225,2025-12-31 16:36,archive,differs from canonical runtime/ahd/simpleqa_ahd_benchmark.py
archive/superseded/loose/simpleqa_ahd_benchmark (2).py,simpleqa_ahd_benchmark (2).py,loose,fad45c4c3fe0c8e28cda84b5ca956173181737669b9813755bd14a47c48b4ea7,29751,2025-12-31 17:04,archive,differs from canonical runtime/ahd/simpleqa_ahd_benchmark.py
archive/superseded/loose/simpleqa_ahd_benchmark.py,simpleqa_ahd_benchmark.py,loose,54f6390a757645393ddfb3e34057961020fb0de98fcc5535b0a2204f19a8c301,24727,2025-12-31 16:34,archive,differs from canonical runtime/ahd/simpleqa_ahd_benchmark.py
notebooks/aase_demo.ipynb,aase_demo.ipynb,loose,52861793860f33f8947b262a32961c3cccea98d3f0096601c9bcd09370ef5d4f,125609,2026-01-08 12:44,copy,loose script; only copy
notebooks/aase_demo_v2.ipynb,aase_demo_v2.ipynb,loose,c7178318e952ff67ddd31e175f016aad9ccd2c72739cffae6618359fc2ced6b6,112078,2026-01-08 13:13,copy,loose script; only copy
notebooks/aase_demo_v3.ipynb,aase_demo_v3.ipynb,loose,7208f02475999b0231416dc1a3d7af988ed2a48fd7503cb61de7275f3e881241,108805,2026-01-08 13:34,copy,loose script; only copy
package/aase/README.md,../../../private/tmp/build-501/-Users-glen-projects-aase/ff5d2db7-3a5d-4056-be5a-5fe720815188/scratchpad/zip15/aase/README.md,files15,fbe604c92cf02fd234d54f06380fd8fcab2480a82a5e6d46b75ebf8b8777ed25,6179,2026-01-03 19:02,copy,restored from files (15)/aase_complete.zip (structured layout)
package/aase/__init__.py,../../../private/tmp/build-501/-Users-glen-projects-aase/ff5d2db7-3a5d-4056-be5a-5fe720815188/scratchpad/zip15/aase/__init__.py,files15,2d144cce6d18311e220d34b42aa8f2b823021a16b736c9dd705cfc6b1165d5d9,1663,2026-01-03 19:02,copy,restored from files (15)/aase_complete.zip (structured layout)
package/aase/core/__init__.py,../../../private/tmp/build-501/-Users-glen-projects-aase/ff5d2db7-3a5d-4056-be5a-5fe720815188/scratchpad/zip15/aase/core/__init__.py,files15,74b33615d0aee64fa536ded33cee783991ebd72723bcc72320716073e22f921d,875,2026-01-03 19:02,copy,restored from files (15)/aase_complete.zip (structured layout)
package/aase/core/extraction.py,../../../private/tmp/build-501/-Users-glen-projects-aase/ff5d2db7-3a5d-4056-be5a-5fe720815188/scratchpad/zip15/aase/core/extraction.py,files15,922236292c023f32dad3664fbfbb077fb93ea072e8b4faee543a08a0204344b8,18061,2026-01-03 19:02,copy,restored from files (15)/aase_complete.zip (structured layout)
package/aase/core/probe.py,../../../private/tmp/build-501/-Users-glen-projects-aase/ff5d2db7-3a5d-4056-be5a-5fe720815188/scratchpad/zip15/aase/core/probe.py,files15,e3cbff03cbebf14f04717bc2eb3ea0a0126af5d3eeda16fa7be56df6f3ce23e0,15902,2026-01-03 19:02,copy,restored from files (15)/aase_complete.zip (structured layout)
package/aase/core/vector.py,../../../private/tmp/build-501/-Users-glen-projects-aase/ff5d2db7-3a5d-4056-be5a-5fe720815188/scratchpad/zip15/aase/core/vector.py,files15,208d46ab0abce41bf8bdefaada60f7398463d7090d0a36cf581bab142477e555,9699,2026-01-03 19:02,copy,restored from files (15)/aase_complete.zip (structured layout)
package/aase/integrations/__init__.py,../../../private/tmp/build-501/-Users-glen-projects-aase/ff5d2db7-3a5d-4056-be5a-5fe720815188/scratchpad/zip15/aase/integrations/__init__.py,files15,49ca88faf2a6b27486ef0ac2a42d191d9b01461819f4588bcdac6fd1609a3b8f,2162,2026-01-03 19:02,copy,restored from files (15)/aase_complete.zip (structured layout)
package/aase/integrations/aase_llmd_entrypoint.py,../../../private/tmp/build-501/-Users-glen-projects-aase/ff5d2db7-3a5d-4056-be5a-5fe720815188/scratchpad/zip15/aase/integrations/aase_llmd_entrypoint.py,files15,b741c63fdd61e16db09cc7213376220a0f0cb72067c8c3ac97ad2a58ba58effb,19600,2026-01-03 19:02,copy,restored from files (15)/aase_complete.zip (structured layout)
package/aase/integrations/llmd.py,../../../private/tmp/build-501/-Users-glen-projects-aase/ff5d2db7-3a5d-4056-be5a-5fe720815188/scratchpad/zip15/aase/integrations/llmd.py,files15,107cd80a2d1cb9f42b1c4810b6243648d2bdc19f513ce9b818c78b55ce8eb6c4,15824,2026-01-03 19:02,copy,restored from files (15)/aase_complete.zip (structured layout)
package/aase/integrations/transformers.py,../../../private/tmp/build-501/-Users-glen-projects-aase/ff5d2db7-3a5d-4056-be5a-5fe720815188/scratchpad/zip15/aase/integrations/transformers.py,files15,99e6b9e1b2b2fc1d8240a979b50cbe364a6724fd9289ba63ae370a0f9e6922a9,9115,2026-01-03 19:02,copy,restored from files (15)/aase_complete.zip (structured layout)
package/aase/integrations/vllm.py,../../../private/tmp/build-501/-Users-glen-projects-aase/ff5d2db7-3a5d-4056-be5a-5fe720815188/scratchpad/zip15/aase/integrations/vllm.py,files15,4cdef2170c9e6866a6bfd9098e447129c7366ecb778e5ea440ed62f15575b52a,10447,2026-01-03 19:02,copy,restored from files (15)/aase_complete.zip (structured layout)
package/aase/pretrained/README.md,../../../private/tmp/build-501/-Users-glen-projects-aase/ff5d2db7-3a5d-4056-be5a-5fe720815188/scratchpad/zip15/aase/pretrained/README.md,files15,53e34c2ae15ef93b4c2ace4ad65cf4c5552ccbc3a3162b7f2966d801fdc4f0ff,1668,2026-01-03 19:02,copy,restored from files (15)/aase_complete.zip (structured layout)
package/aase/probes/__init__.py,../../../private/tmp/build-501/-Users-glen-projects-aase/ff5d2db7-3a5d-4056-be5a-5fe720815188/scratchpad/zip15/aase/probes/__init__.py,files15,601f29d59c5548b4687e92df63681dadde90f26bc0b9d52109156dc132b926dc,237,2026-01-03 19:02,copy,restored from files (15)/aase_complete.zip (structured layout)
package/aase/probes/aag.py,../../../private/tmp/build-501/-Users-glen-projects-aase/ff5d2db7-3a5d-4056-be5a-5fe720815188/scratchpad/zip15/aase/probes/aag.py,files15,f996d50327eb153a6cc9454c15a9620f8ca4029b20564f3f407cba79219be50f,10370,2026-01-03 19:02,copy,restored from files (15)/aase_complete.zip (structured layout)
package/aase/probes/af.py,../../../private/tmp/build-501/-Users-glen-projects-aase/ff5d2db7-3a5d-4056-be5a-5fe720815188/scratchpad/zip15/aase/probes/af.py,files15,ed8a88e0840ec464b70f25ed43ee6e9add4af7314102e0a1ad75dd1411c55709,9155,2026-01-03 19:02,copy,restored from files (15)/aase_complete.zip (structured layout)
package/aase/probes/ahd.py,../../../private/tmp/build-501/-Users-glen-projects-aase/ff5d2db7-3a5d-4056-be5a-5fe720815188/scratchpad/zip15/aase/probes/ahd.py,files15,5cc0f495a14df71830747c8d9efcb5ca896858e5554b8cf4fef920986075a2d7,1186,2026-01-03 19:02,copy,restored from files (15)/aase_complete.zip (structured layout)
package/aase/probes/apc.py,../../../private/tmp/build-501/-Users-glen-projects-aase/ff5d2db7-3a5d-4056-be5a-5fe720815188/scratchpad/zip15/aase/probes/apc.py,files15,b8d85e8a565d9a4267f0378788625931e939be1d78db0c272265e0a55780ac80,13477,2026-01-03 19:02,copy,restored from files (15)/aase_complete.zip (structured layout)
package/aase/scripts/__init__.py,../../../private/tmp/build-501/-Users-glen-projects-aase/ff5d2db7-3a5d-4056-be5a-5fe720815188/scratchpad/zip15/aase/scripts/__init__.py,files15,e3b0c44298fc1c149afbf4c8996fb92427ae41e4649b934ca495991b7852b855,0,2026-01-03 19:02,copy,restored from files (15)/aase_complete.zip (structured layout)
package/aase/scripts/calibrate_model.py,../../../private/tmp/build-501/-Users-glen-projects-aase/ff5d2db7-3a5d-4056-be5a-5fe720815188/scratchpad/zip15/aase/scripts/calibrate_model.py,files15,968136d338f38fcd81a6dee3f4cfbff237186b85a3f9c7ae0b095905352c53df,23872,2026-01-03 19:02,copy,restored from files (15)/aase_complete.zip (structured layout)
package/aase/scripts/fix_numpy.sh,../../../private/tmp/build-501/-Users-glen-projects-aase/ff5d2db7-3a5d-4056-be5a-5fe720815188/scratchpad/zip15/aase/scripts/fix_numpy.sh,files15,c9541233e85b701542b1d86d64171d628c05cc347a4810fdf0a3fbb7638b3dfb,568,2026-01-03 19:02,copy,restored from files (15)/aase_complete.zip (structured layout)
package/aase/scripts/generate_pretrained.py,../../../private/tmp/build-501/-Users-glen-projects-aase/ff5d2db7-3a5d-4056-be5a-5fe720815188/scratchpad/zip15/aase/scripts/generate_pretrained.py,files15,6e9feac08943915236f9df07a418b9acb474e4f6f3ae940a50c1dd32e6f01faa,17121,2026-01-03 19:02,copy,restored from files (15)/aase_complete.zip (structured layout)
package/aase/scripts/probe_llmd.py,../../../private/tmp/build-501/-Users-glen-projects-aase/ff5d2db7-3a5d-4056-be5a-5fe720815188/scratchpad/zip15/aase/scripts/probe_llmd.py,files15,e339b85df1f2ba357301266fc12ee4ac2433665baf89ac2e49754ac9ef88cdcc,16455,2026-01-03 19:02,copy,restored from files (15)/aase_complete.zip (structured layout)
package/aase/scripts/test_llmd_local.py,../../../private/tmp/build-501/-Users-glen-projects-aase/ff5d2db7-3a5d-4056-be5a-5fe720815188/scratchpad/zip15/aase/scripts/test_llmd_local.py,files15,86f4e7802bb58e3437408c765540e055b1c6adff373eef1d72e760280238a90b,17755,2026-01-03 19:02,copy,restored from files (15)/aase_complete.zip (structured layout)
package/aase/scripts/test_vllm_hooks.py,../../../private/tmp/build-501/-Users-glen-projects-aase/ff5d2db7-3a5d-4056-be5a-5fe720815188/scratchpad/zip15/aase/scripts/test_vllm_hooks.py,files15,51cb178363c9e4c7cc4d03a7cd0f980ee50a86cf1a5014945efe39c982b79897,8677,2026-01-03 19:02,copy,restored from files (15)/aase_complete.zip (structured layout)
package/aase/scripts/test_vllm_hooks_minimal.py,../../../private/tmp/build-501/-Users-glen-projects-aase/ff5d2db7-3a5d-4056-be5a-5fe720815188/scratchpad/zip15/aase/scripts/test_vllm_hooks_minimal.py,files15,3ccced5838866f545e1beb1666d6c10b5eb800706a2ae565174766979feafc83,6713,2026-01-03 19:02,copy,restored from files (15)/aase_complete.zip (structured layout)
package/aase/setup.py,../../../private/tmp/build-501/-Users-glen-projects-aase/ff5d2db7-3a5d-4056-be5a-5fe720815188/scratchpad/zip15/aase/setup.py,files15,f7e1a97bb6adab75aefbf02519d88ede991d969c5a8b22f377ece1e028eedfba,1942,2026-01-03 19:02,copy,restored from files (15)/aase_complete.zip (structured layout)
package/aase/stack.py,../../../private/tmp/build-501/-Users-glen-projects-aase/ff5d2db7-3a5d-4056-be5a-5fe720815188/scratchpad/zip15/aase/stack.py,files15,406f194ca4dc38c0dd218a8f6859a4d85fbc18bfb45828442ed19e63af0253b9,10442,2026-01-03 19:02,copy,restored from files (15)/aase_complete.zip (structured layout)
package/aase/tests/__init__.py,../../../private/tmp/build-501/-Users-glen-projects-aase/ff5d2db7-3a5d-4056-be5a-5fe720815188/scratchpad/zip15/aase/tests/__init__.py,files15,1a997de7e3cb252970ff38ace1a8d4a315a9b983800e3afb91624c0fa84da17a,22,2026-01-03 19:02,copy,restored from files (15)/aase_complete.zip (structured layout)
package/aase/tests/test_aase_llmd.py,../../../private/tmp/build-501/-Users-glen-projects-aase/ff5d2db7-3a5d-4056-be5a-5fe720815188/scratchpad/zip15/aase/tests/test_aase_llmd.py,files15,cfa25123ddba7b4878010a9f26256b499cf9a94c8b6923c134ebee0c16a452d8,14760,2026-01-03 19:02,copy,restored from files (15)/aase_complete.zip (structured layout)
package/aase/tests/test_aase_vllm.py,../../../private/tmp/build-501/-Users-glen-projects-aase/ff5d2db7-3a5d-4056-be5a-5fe720815188/scratchpad/zip15/aase/tests/test_aase_vllm.py,files15,c2c7f1460a5565d53bf574a7975be2c242fe7abaec949569255436d154ff7a33,14668,2026-01-03 19:02,copy,restored from files (15)/aase_complete.zip (structured layout)
package/aase_complete.zip,files (15)/aase_complete.zip,files15,e8eccf75a2d9ea6980c1877e80af178349685778859ab00914d63d5acc6052bc,90743,2026-01-04 06:09,copy,original zip
package/aase_server_simple.py,files (15)/aase_server_simple.py,files15,afc9d4c8d8a1bdc86c7aaeac1c9d66d8605b31985a8607e4928d2dc7c90c5f24,11221,2026-01-04 06:09,copy,working-dir script shipped alongside the package (not in zip)
package/aase_server_transformers.py,files (15)/aase_server_transformers.py,files15,d4348284db2b3b7da008ac3567510689ff442b32065e59f24cd7db6b6aed8acb,11207,2026-01-04 06:09,copy,working-dir script shipped alongside the package (not in zip)
package/aase_server_v2.py,files (15)/aase_server_v2.py,files15,5f74b82d2f8e09c995a8c084aeb1451b0fae217be5e18758d7aaed64a17d79c3,11157,2026-01-04 06:09,copy,working-dir script shipped alongside the package (not in zip)
package/check_llama_paths.py,files (15)/check_llama_paths.py,files15,34e1349d4df9cf55b86ed0812679d13f82ca10eb6f99fb823d18a15ed035f2c8,1423,2026-01-04 06:09,copy,working-dir script shipped alongside the package (not in zip)
package/debug_aag.py,files (15)/debug_aag.py,files15,4a5eae0c72cd7d55daab0bd54507d99eb87053d40cb7d365125ef63dbaf9763e,4265,2026-01-04 06:09,copy,working-dir script shipped alongside the package (not in zip)
package/debug_gemma3.py,files (15)/debug_gemma3.py,files15,1a4562e9fcf387ca44188639a39c4e7adc202d77c5485a45361395886a3084a1,2713,2026-01-04 06:09,copy,working-dir script shipped alongside the package (not in zip)
package/debug_injecagent.py,files (15)/debug_injecagent.py,files15,4581d0e186dd8e44f821b603587b5f0aa939b3539787b4f0f4a864ea3700b2cf,6171,2026-01-04 06:09,copy,working-dir script shipped alongside the package (not in zip)
package/debug_probe_paths.py,files (15)/debug_probe_paths.py,files15,1058f9a88777186f606acb1998ac65644290a9e5fd5017000bff6748f6d8abbf,1554,2026-01-04 06:09,copy,working-dir script shipped alongside the package (not in zip)
package/eval_harmbench.py,files (15)/eval_harmbench.py,files15,1cfcbef00d1f1faa76d4007e98eb6765161b3f4b5425002cdc7c2cfea5dda22b,18636,2026-01-04 06:09,copy,working-dir script shipped alongside the package (not in zip)
package/eval_injecagent.py,files (15)/eval_injecagent.py,files15,fe9dd210a88f2597046d4a8e56e43600770d94c301bcaa381f5ed67dd16aba07,13999,2026-01-04 06:09,copy,working-dir script shipped alongside the package (not in zip)
package/fix_aag_final.py,files (15)/fix_aag_final.py,files15,60fd6249de171e6b54f309181a174ca02e56267a865faf2e66b7a4442219032b,693,2026-01-04 06:09,copy,working-dir script shipped alongside the package (not in zip)
package/fix_aag_threshold.py,files (15)/fix_aag_threshold.py,files15,49f55c3c9d8a21b307bda16d22a08d93074c48500341c34a65acecfe43bea3a2,794,2026-01-04 06:09,copy,working-dir script shipped alongside the package (not in zip)
package/fix_gemma3_thresholds.py,files (15)/fix_gemma3_thresholds.py,files15,73cb18c4ebbc9a77f1ff294812209a59d613903a81204c3bdb0cf13d2005433f,1950,2026-01-04 06:09,copy,working-dir script shipped alongside the package (not in zip)
package/package_release.py,files (15)/package_release.py,files15,8bc83dc72b7182973d502ca96da4b474b0b3beb58f69b3ef7849271b36aac260,18292,2026-01-04 06:09,copy,working-dir script shipped alongside the package (not in zip)
package/pretrain_batch.py,files (15)/pretrain_batch.py,files15,5937987624e51d0bf180b5ccd00ba70070a74dbbdc334a8ad3c24e5f807c30e1,6361,2026-01-04 06:09,copy,working-dir script shipped alongside the package (not in zip)
package/pretrain_gemma3.py,files (15)/pretrain_gemma3.py,files15,c522fa2ad1d4c6c725dca8e38af5304224386674a8ee9954063ff8c81ebd758a,6328,2026-01-04 06:09,copy,working-dir script shipped alongside the package (not in zip)
package/pretrain_gemma3_fixed.py,files (15)/pretrain_gemma3_fixed.py,files15,df27204b40cd5210898cfe6bc5a269e60c463e22a4431ae0c9c47a6cfcd31f36,15040,2026-01-04 06:09,copy,working-dir script shipped alongside the package (not in zip)
package/pretrain_robust.py,files (15)/pretrain_robust.py,files15,00432468e5123238d9027556839b9e0afffaff1fc5b7e006b7e7c719dd093b94,37913,2026-01-04 06:09,copy,working-dir script shipped alongside the package (not in zip)
package/recalibrate_probes.py,files (15)/recalibrate_probes.py,files15,d73a06e88ebff9c8f48f404fdae422c847166f1a61a6120534a795b10b9712e4,9238,2026-01-04 06:09,copy,working-dir script shipped alongside the package (not in zip)
package/recalibrate_v2.py,files (15)/recalibrate_v2.py,files15,0ecd65868b7b91d88dc7f3e418c5ff8d392c8cf265774206578b703d0bbe7953,9663,2026-01-04 06:09,copy,working-dir script shipped alongside the package (not in zip)
package/retrain_aag_all_models.py,files (15)/retrain_aag_all_models.py,files15,b5ed3868f769a600eed43353d90d26de7173594438678aa5322a7090d693ccb2,13179,2026-01-04 06:09,copy,working-dir script shipped alongside the package (not in zip)
package/retrain_aag_injecagent.py,files (15)/retrain_aag_injecagent.py,files15,b21506d65113a4395af0a98b5e8ed32906de5819d121d58d2bbe98ee7fb0b8aa,13830,2026-01-04 06:09,copy,working-dir script shipped alongside the package (not in zip)
package/retrain_af_expanded.py,files (15)/retrain_af_expanded.py,files15,4bef58154aa680f4d24922f7becf847504ddbfe1dd91eff85e56f1ad1df412db,21877,2026-01-04 06:09,copy,working-dir script shipped alongside the package (not in zip)
package/set_thresholds.py,files (15)/set_thresholds.py,files15,e96546e776236eab2fdb7f9609f178297bb83aff64e26ca7ab7f12cda783a9db,2463,2026-01-04 06:09,copy,working-dir script shipped alongside the package (not in zip)
package/test_llama_load.py,files (15)/test_llama_load.py,files15,f552d1f74dc91297cbcab4f1713f5455213c8d12a0b139cebf713fcd26275c89,1578,2026-01-04 06:09,copy,working-dir script shipped alongside the package (not in zip)
package/tune_aag_threshold.py,files (15)/tune_aag_threshold.py,files15,55d083b96b0b0689a458bc943a1110bbd3a93e84abbe4d88fe9b75a4849782fd,8686,2026-01-04 06:09,copy,working-dir script shipped alongside the package (not in zip)
package/tune_af_threshold.py,files (15)/tune_af_threshold.py,files15,93a978344e6b65d34a123c8e5faf78fe35fbaa0a25156d239517100314e9dee5,9950,2026-01-04 06:09,copy,working-dir script shipped alongside the package (not in zip)
package/tune_all_thresholds.py,files (15)/tune_all_thresholds.py,files15,15b6e9284341165c015e873b6d40b6b71dc77b946a341a8da8a95dbd80be2bf9,12549,2026-01-04 06:09,copy,working-dir script shipped alongside the package (not in zip)
package/tune_llama_thresholds.py,files (15)/tune_llama_thresholds.py,files15,44cb101eaccb0371835df452e60fbc7abeb921329695012715126bade90d5ce9,16187,2026-01-04 06:09,copy,working-dir script shipped alongside the package (not in zip)
package/tune_thresholds_batch.py,files (15)/tune_thresholds_batch.py,files15,3d976738e82c781f008e31326a1545fb8a2d728758070810b4c2a4a29e5a6897,10451,2026-01-04 06:09,copy,working-dir script shipped alongside the package (not in zip)
release/aase-release.tar.gz,testingaase/aase-release.tar.gz,release,fa50f35f404a085dffabe8bce24b43346a44b271372232d43abce746ad4b934a,452538,2026-01-03 20:20,copy,original tarball of the release dir
release/aase-release/MANIFEST.json,testingaase/aase-release/MANIFEST.json,release,15cdb235ffeddbdac2df15153c322676fcf055e6fd0805453cc36d74ee1832a4,376,2026-01-03 20:19,copy,"packaged release, preserved intact"
release/aase-release/README.md,testingaase/aase-release/README.md,release,10c10c671df7eace28655e534c835e3fb84ed49a1cff9cbf4271ce3ddaedb6c0,1198,2026-01-03 20:19,copy,"packaged release, preserved intact"
release/aase-release/aase/__init__.py,testingaase/aase-release/aase/__init__.py,release,48b3ce283ce0cf7cee9744c96a02756375cedf08785ec7d27d3d677837d8c049,421,2026-01-03 20:19,copy,"packaged release, preserved intact"
release/aase-release/aase/extractor.py,testingaase/aase-release/aase/extractor.py,release,46516f320fa1905c4231c5f97bd52f3fb4b817f7849dc0fef7cfcd7486fe3fc8,2444,2026-01-03 20:19,copy,"packaged release, preserved intact"
release/aase-release/aase/probes/__init__.py,testingaase/aase-release/aase/probes/__init__.py,release,14ecfd5954a8ba5dcbe37639978f583768baee61b89fe20f04fb99dacb2b4a89,158,2026-01-03 20:19,copy,"packaged release, preserved intact"
release/aase-release/aase/probes/aag.py,testingaase/aase-release/aase/probes/aag.py,release,0c9023396e684e25a5568ed85b12ca57e9c4583ead947570e8704910d522d900,548,2026-01-03 20:19,copy,"packaged release, preserved intact"
release/aase-release/aase/probes/af.py,testingaase/aase-release/aase/probes/af.py,release,53710014d472a4e3408dd42d6d49e74b055f9aeda94e5d3a1facadb65d00e5c7,556,2026-01-03 20:19,copy,"packaged release, preserved intact"
release/aase-release/aase/probes/apc.py,testingaase/aase-release/aase/probes/apc.py,release,775b7a61a617f52da0fe40049887f629084487f9b0827c3a3cad50d00c519f69,623,2026-01-03 20:19,copy,"packaged release, preserved intact"
release/aase-release/aase/probes/base.py,testingaase/aase-release/aase/probes/base.py,release,19ed148c0659a3bfbe9b6c152e34e2dcad1f81af0257de5e53546ab5b569f725,2306,2026-01-03 20:19,copy,"packaged release, preserved intact"
release/aase-release/aase/safety_gate.py,testingaase/aase-release/aase/safety_gate.py,release,1c0b5604ebc800735ec5469ee8ada369d0c464c934c26d3ad417384279bfbe73,2951,2026-01-03 20:19,copy,"packaged release, preserved intact"
release/aase-release/pretrained/aag/google_gemma_2_2b_it.json,testingaase/aase-release/pretrained/aag/google_gemma_2_2b_it.json,release,7f4836d72f8154f9a87a3f6283d22adb6d0cb10d1d18f7caed4b73bdb0985294,595,2026-01-03 20:19,copy,"packaged release, preserved intact"
release/aase-release/pretrained/aag/google_gemma_2_2b_it.npy,testingaase/aase-release/pretrained/aag/google_gemma_2_2b_it.npy,release,e23fbb7c052ee957e7dc8c06056f4bc1076530ec9cad07f5ea7dbbe744998356,9344,2026-01-03 20:19,copy,"packaged release, preserved intact"
release/aase-release/pretrained/aag/google_gemma_2_9b_it.json,testingaase/aase-release/pretrained/aag/google_gemma_2_9b_it.json,release,b285c21853df2a4e10f0f1e08ad225252a8161f33af9a5cc8cb468025777dc1d,541,2026-01-03 20:19,copy,"packaged release, preserved intact"
release/aase-release/pretrained/aag/google_gemma_2_9b_it.npy,testingaase/aase-release/pretrained/aag/google_gemma_2_9b_it.npy,release,aacea03df95d4e5d86c85d2d13c372dfd38eda3b6ce3ac0fa30b5c90e04a0436,14464,2026-01-03 20:19,copy,"packaged release, preserved intact"
release/aase-release/pretrained/aag/google_gemma_3_1b_it.json,testingaase/aase-release/pretrained/aag/google_gemma_3_1b_it.json,release,a1b591d810a14bc99ff1b72cdba4e0db0a279a9da19cb99dca685801423d52ae,559,2026-01-03 20:19,copy,"packaged release, preserved intact"
release/aase-release/pretrained/aag/google_gemma_3_1b_it.npy,testingaase/aase-release/pretrained/aag/google_gemma_3_1b_it.npy,release,71edcdffc3bbbabb98068a87449a36d82b4db1bd5ae33335ca8189680d128aa2,4736,2026-01-03 20:19,copy,"packaged release, preserved intact"
release/aase-release/pretrained/aag/google_gemma_3_4b_it.json,testingaase/aase-release/pretrained/aag/google_gemma_3_4b_it.json,release,cd8b8e0097dd8f36c31cc68e432a4766f71f6ca5104858605cde21f8ef33658f,356,2026-01-03 20:19,copy,"packaged release, preserved intact"
release/aase-release/pretrained/aag/google_gemma_3_4b_it.npy,testingaase/aase-release/pretrained/aag/google_gemma_3_4b_it.npy,release,dc1034633e849d8417926a179e66d586a15f9f6363d684b1e2bf8ed43a788239,10368,2026-01-03 20:19,copy,"packaged release, preserved intact"
release/aase-release/pretrained/aag/meta_llama_Llama_3.1_8B_Instruct.json,testingaase/aase-release/pretrained/aag/meta_llama_Llama_3.1_8B_Instruct.json,release,44df205d09101fa5511d90ab9cb3490d9fd2d7e88d40255c9d0d089884ec4219,563,2026-01-03 20:19,copy,"packaged release, preserved intact"
release/aase-release/pretrained/aag/meta_llama_Llama_3.1_8B_Instruct.npy,testingaase/aase-release/pretrained/aag/meta_llama_Llama_3.1_8B_Instruct.npy,release,bd30f3d61db807fa6647e09e65afea80ba650f8eb9a6ed1602b046a11a9327a5,16512,2026-01-03 20:19,copy,"packaged release, preserved intact"
release/aase-release/pretrained/aag/meta_llama_Llama_3.2_1B_Instruct.json,testingaase/aase-release/pretrained/aag/meta_llama_Llama_3.2_1B_Instruct.json,release,74b6f47ce8cbb26748afcde6a84fd6eec0ddb0c0f8beabb8fe124a997b0ec473,569,2026-01-03 20:19,copy,"packaged release, preserved intact"
release/aase-release/pretrained/aag/meta_llama_Llama_3.2_1B_Instruct.npy,testingaase/aase-release/pretrained/aag/meta_llama_Llama_3.2_1B_Instruct.npy,release,e2a161dda2801905238f5e0309dfa442abec1159807b4238fe12b96121532f00,8320,2026-01-03 20:19,copy,"packaged release, preserved intact"
release/aase-release/pretrained/aag/meta_llama_Llama_3.2_3B_Instruct.json,testingaase/aase-release/pretrained/aag/meta_llama_Llama_3.2_3B_Instruct.json,release,c323ac6e4e514eed52972bc3d5fbf87b508907df75688a43ecf7cf7540d46fe3,568,2026-01-03 20:19,copy,"packaged release, preserved intact"
release/aase-release/pretrained/aag/meta_llama_Llama_3.2_3B_Instruct.npy,testingaase/aase-release/pretrained/aag/meta_llama_Llama_3.2_3B_Instruct.npy,release,fa19b8acd4b3aeb65c543a201079dc83f7cbdcef3e8b1005151e56a71109bfc0,12416,2026-01-03 20:19,copy,"packaged release, preserved intact"
release/aase-release/pretrained/af/google_gemma_2_2b_it.json,testingaase/aase-release/pretrained/af/google_gemma_2_2b_it.json,release,ee871e4fed2d718daed7892cec08b52fe8e4b473729f1112355436c10f3b5c01,570,2026-01-03 20:19,copy,"packaged release, preserved intact"
release/aase-release/pretrained/af/google_gemma_2_2b_it.npy,testingaase/aase-release/pretrained/af/google_gemma_2_2b_it.npy,release,4fe939c2b5dc6bb3907ac6df69b9e6435f4cee4e8e76680b1f5e3fd7502b88ce,9344,2026-01-03 20:19,copy,"packaged release, preserved intact"
release/aase-release/pretrained/af/google_gemma_2_9b_it.json,testingaase/aase-release/pretrained/af/google_gemma_2_9b_it.json,release,0022f200fffbff0b683e4ef556d5ab7bc9b4c6845d587a074868a9e56fcd0739,540,2026-01-03 20:19,copy,"packaged release, preserved intact"
release/aase-release/pretrained/af/google_gemma_2_9b_it.npy,testingaase/aase-release/pretrained/af/google_gemma_2_9b_it.npy,release,8575c1f7917ec2345a40c3daf0290557847e8ec797688a4b1ce8ab81e5beb77a,14464,2026-01-03 20:19,copy,"packaged release, preserved intact"
release/aase-release/pretrained/af/google_gemma_3_1b_it.json,testingaase/aase-release/pretrained/af/google_gemma_3_1b_it.json,release,edff01cc3b2eb830e4e3910afa12a86975d60b026ba7ae8cbcbeb751a3469a08,558,2026-01-03 20:19,copy,"packaged release, preserved intact"
release/aase-release/pretrained/af/google_gemma_3_1b_it.npy,testingaase/aase-release/pretrained/af/google_gemma_3_1b_it.npy,release,e0ada17b5dea3cc5e3cd87fb5f3c04650beb765f944a0c70fe750c470efae3c9,4736,2026-01-03 20:19,copy,"packaged release, preserved intact"
release/aase-release/pretrained/af/google_gemma_3_4b_it.json,testingaase/aase-release/pretrained/af/google_gemma_3_4b_it.json,release,73fad61cb16678779bf7df4f3ee0c0df2df8b20d5a279294539ceaa94e7faf1f,378,2026-01-03 20:19,copy,"packaged release, preserved intact"
release/aase-release/pretrained/af/google_gemma_3_4b_it.npy,testingaase/aase-release/pretrained/af/google_gemma_3_4b_it.npy,release,7a82f6c855ef1be3d3496841e5ee45e0ce9a0cdaee271c4a7ef686c7f78f1456,10368,2026-01-03 20:19,copy,"packaged release, preserved intact"
release/aase-release/pretrained/af/meta_llama_Llama_3.1_8B_Instruct.json,testingaase/aase-release/pretrained/af/meta_llama_Llama_3.1_8B_Instruct.json,release,06301c6146dffd6b6eef77ad52878487128acef223f42888fda42008aa884860,555,2026-01-03 20:19,copy,"packaged release, preserved intact"
release/aase-release/pretrained/af/meta_llama_Llama_3.1_8B_Instruct.npy,testingaase/aase-release/pretrained/af/meta_llama_Llama_3.1_8B_Instruct.npy,release,f048d31399dce406e74b02ae63d08931f1184f0a8bbf152d4d0d0611134347f6,16512,2026-01-03 20:19,copy,"packaged release, preserved intact"
release/aase-release/pretrained/af/meta_llama_Llama_3.2_1B_Instruct.json,testingaase/aase-release/pretrained/af/meta_llama_Llama_3.2_1B_Instruct.json,release,e2bd68cb086d1da6c6e55946dcf3cb668666f8ee97d32e0ff2443b3d35e99cb2,554,2026-01-03 20:19,copy,"packaged release, preserved intact"
release/aase-release/pretrained/af/meta_llama_Llama_3.2_1B_Instruct.npy,testingaase/aase-release/pretrained/af/meta_llama_Llama_3.2_1B_Instruct.npy,release,a4bec17a9fbafb9f2b5b85deb6e1f83db424d1c1ee31a1c966ea501fa0dabd74,8320,2026-01-03 20:19,copy,"packaged release, preserved intact"
release/aase-release/pretrained/af/meta_llama_Llama_3.2_3B_Instruct.json,testingaase/aase-release/pretrained/af/meta_llama_Llama_3.2_3B_Instruct.json,release,1e442df2bb1a5757ba8ba0188e9a5d26d2923ae89c023dabcbfa98eac0e5db5e,555,2026-01-03 20:19,copy,"packaged release, preserved intact"
release/aase-release/pretrained/af/meta_llama_Llama_3.2_3B_Instruct.npy,testingaase/aase-release/pretrained/af/meta_llama_Llama_3.2_3B_Instruct.npy,release,a93796372736f7a23f4cbcde9902a92ec816fb7f76159c0747c2fbb8f167910b,12416,2026-01-03 20:19,copy,"packaged release, preserved intact"
release/aase-release/pretrained/apc/google_gemma_2_2b_it_crisis.json,testingaase/aase-release/pretrained/apc/google_gemma_2_2b_it_crisis.json,release,c88186b3880ec5c6e6b67f4233d44f7c8d0e5d58c58524acbfd49f035d44d762,595,2026-01-03 20:19,copy,"packaged release, preserved intact"
release/aase-release/pretrained/apc/google_gemma_2_2b_it_crisis.npy,testingaase/aase-release/pretrained/apc/google_gemma_2_2b_it_crisis.npy,release,a930cde4f125657d835838995e8a62fb1ef3ad6a0accbf731cec0ac40503d0a5,9344,2026-01-03 20:19,copy,"packaged release, preserved intact"
release/aase-release/pretrained/apc/google_gemma_2_2b_it_financial.json,testingaase/aase-release/pretrained/apc/google_gemma_2_2b_it_financial.json,release,96157d94aeca586a0bca6211b6d82f5ce6f961035d4b6015f1c9114eac62e6db,594,2026-01-03 20:19,copy,"packaged release, preserved intact"
release/aase-release/pretrained/apc/google_gemma_2_2b_it_financial.npy,testingaase/aase-release/pretrained/apc/google_gemma_2_2b_it_financial.npy,release,a616a65dc4e86c4f76a7aee89cb423dca5bb56b4778fa74c6953b727b3ae065f,9344,2026-01-03 20:19,copy,"packaged release, preserved intact"
release/aase-release/pretrained/apc/google_gemma_2_2b_it_legal.json,testingaase/aase-release/pretrained/apc/google_gemma_2_2b_it_legal.json,release,d280203d5cd24bddbf71706800926b5617d07bb2d5896298050d3a64942d23ce,584,2026-01-03 20:19,copy,"packaged release, preserved intact"
release/aase-release/pretrained/apc/google_gemma_2_2b_it_legal.npy,testingaase/aase-release/pretrained/apc/google_gemma_2_2b_it_legal.npy,release,5d1641ce0fcacdfd3283e60b3ab574d96411b3af97f5833bfb659dbe47cfd69f,9344,2026-01-03 20:19,copy,"packaged release, preserved intact"
release/aase-release/pretrained/apc/google_gemma_2_2b_it_medical.json,testingaase/aase-release/pretrained/apc/google_gemma_2_2b_it_medical.json,release,7c02f4d37472d7e3702f6ad66b7d513ba27ae3a671f5a51d344782e69ac262d3,588,2026-01-03 20:19,copy,"packaged release, preserved intact"
release/aase-release/pretrained/apc/google_gemma_2_2b_it_medical.npy,testingaase/aase-release/pretrained/apc/google_gemma_2_2b_it_medical.npy,release,75aaf1571bf338e40f672456ac2e005fbf640d95c99adca653cae2dcb882fa0f,9344,2026-01-03 20:19,copy,"packaged release, preserved intact"
release/aase-release/pretrained/apc/google_gemma_2_2b_it_medical_advice.json,testingaase/aase-release/pretrained/apc/google_gemma_2_2b_it_medical_advice.json,release,8e810b14a16209324b6373ac91365176a7cf892806d6fdde596aa115c5a0957e,416,2026-01-03 20:19,copy,"packaged release, preserved intact"
release/aase-release/pretrained/apc/google_gemma_2_2b_it_medical_advice.npy,testingaase/aase-release/pretrained/apc/google_gemma_2_2b_it_medical_advice.npy,release,fab555a89768eb0d5f5c4e248c7e95f400df14c2cc813c8542e06e3966dafed4,9344,2026-01-03 20:19,copy,"packaged release, preserved intact"
release/aase-release/pretrained/apc/google_gemma_2_9b_it_crisis.json,testingaase/aase-release/pretrained/apc/google_gemma_2_9b_it_crisis.json,release,d1c8d6a8956b566b02826df74786e993152e9c25823869060d63825bdea548d0,570,2026-01-03 20:19,copy,"packaged release, preserved intact"
release/aase-release/pretrained/apc/google_gemma_2_9b_it_crisis.npy,testingaase/aase-release/pretrained/apc/google_gemma_2_9b_it_crisis.npy,release,8f6c40240f9857243dc4e1253b3f3ca7a35c3adcc56c7effd1185c2750831846,14464,2026-01-03 20:19,copy,"packaged release, preserved intact"
release/aase-release/pretrained/apc/google_gemma_2_9b_it_financial.json,testingaase/aase-release/pretrained/apc/google_gemma_2_9b_it_financial.json,release,dbc1ed171d2e6eb6c96c8a7967dc59dbf44c0fb1208537583de6675308903484,567,2026-01-03 20:19,copy,"packaged release, preserved intact"
release/aase-release/pretrained/apc/google_gemma_2_9b_it_financial.npy,testingaase/aase-release/pretrained/apc/google_gemma_2_9b_it_financial.npy,release,bef94e886d38a9f92d41577a17365ff49b1d6596f712e743ce79dd25d7b76666,14464,2026-01-03 20:19,copy,"packaged release, preserved intact"
release/aase-release/pretrained/apc/google_gemma_2_9b_it_legal.json,testingaase/aase-release/pretrained/apc/google_gemma_2_9b_it_legal.json,release,13205f011b67f945d429d5ea7ae563adaff28630b433b6675839528ce53d4405,559,2026-01-03 20:19,copy,"packaged release, preserved intact"
release/aase-release/pretrained/apc/google_gemma_2_9b_it_legal.npy,testingaase/aase-release/pretrained/apc/google_gemma_2_9b_it_legal.npy,release,5a11c43c55c60f920272dcd34b9877acbc7afd89450f0a87ed29a00b84259cef,14464,2026-01-03 20:19,copy,"packaged release, preserved intact"
release/aase-release/pretrained/apc/google_gemma_2_9b_it_medical.json,testingaase/aase-release/pretrained/apc/google_gemma_2_9b_it_medical.json,release,b151d1741c7b45dae57a6afae5b11a33daf67fdd22ea7fec86e8031d5ad1dc5b,566,2026-01-03 20:19,copy,"packaged release, preserved intact"
release/aase-release/pretrained/apc/google_gemma_2_9b_it_medical.npy,testingaase/aase-release/pretrained/apc/google_gemma_2_9b_it_medical.npy,release,7041b3ead5824425fbb00e9e4340622fb21aecf2ff860e431a584d2b175f200f,14464,2026-01-03 20:19,copy,"packaged release, preserved intact"
release/aase-release/pretrained/apc/google_gemma_3_1b_it_crisis.json,testingaase/aase-release/pretrained/apc/google_gemma_3_1b_it_crisis.json,release,1e3e7e5bc378223eb96c2b4ecfda1c72518a089b98842b90c720f66895132491,570,2026-01-03 20:19,copy,"packaged release, preserved intact"
release/aase-release/pretrained/apc/google_gemma_3_1b_it_crisis.npy,testingaase/aase-release/pretrained/apc/google_gemma_3_1b_it_crisis.npy,release,19306cdd28d7dba09e58ad29c9717d30e0e424a5f24be12a0909006629e467ed,4736,2026-01-03 20:19,copy,"packaged release, preserved intact"
release/aase-release/pretrained/apc/google_gemma_3_1b_it_financial.json,testingaase/aase-release/pretrained/apc/google_gemma_3_1b_it_financial.json,release,3a9382077091a5c08c045e5ceebad867fb2dcd9e1e2e75fdbf1197e8a57f1313,569,2026-01-03 20:19,copy,"packaged release, preserved intact"
release/aase-release/pretrained/apc/google_gemma_3_1b_it_financial.npy,testingaase/aase-release/pretrained/apc/google_gemma_3_1b_it_financial.npy,release,e46f7b9f2bd0e18c25a43ff81eb0e59257ffd796b7bf5e365841885d54060fa9,4736,2026-01-03 20:19,copy,"packaged release, preserved intact"
release/aase-release/pretrained/apc/google_gemma_3_1b_it_legal.json,testingaase/aase-release/pretrained/apc/google_gemma_3_1b_it_legal.json,release,3f59ff64eb80bad87be07e60590e0b1beeebec6ca9e7ea4851b640da2c88e523,559,2026-01-03 20:19,copy,"packaged release, preserved intact"
release/aase-release/pretrained/apc/google_gemma_3_1b_it_legal.npy,testingaase/aase-release/pretrained/apc/google_gemma_3_1b_it_legal.npy,release,435066799799cb1380de24881f57ae27956059ff8f93148bc0be84abc4314d57,4736,2026-01-03 20:19,copy,"packaged release, preserved intact"
release/aase-release/pretrained/apc/google_gemma_3_1b_it_medical.json,testingaase/aase-release/pretrained/apc/google_gemma_3_1b_it_medical.json,release,3fd2d60424c09509dc606b3ef4054b00da1190145c4d4e33b63d8d84be9515fe,564,2026-01-03 20:19,copy,"packaged release, preserved intact"
release/aase-release/pretrained/apc/google_gemma_3_1b_it_medical.npy,testingaase/aase-release/pretrained/apc/google_gemma_3_1b_it_medical.npy,release,1220e202a2ad7c96128f4ee3e87a3073aa4287bfc2dab39f66404cbc455b15a9,4736,2026-01-03 20:19,copy,"packaged release, preserved intact"
release/aase-release/pretrained/apc/google_gemma_3_4b_it_crisis.json,testingaase/aase-release/pretrained/apc/google_gemma_3_4b_it_crisis.json,release,893c6fe8c183558a5cfb3b81575cd241d1d38b6530745f05c7d0f7599649c146,384,2026-01-03 20:19,copy,"packaged release, preserved intact"
release/aase-release/pretrained/apc/google_gemma_3_4b_it_crisis.npy,testingaase/aase-release/pretrained/apc/google_gemma_3_4b_it_crisis.npy,release,2d3baf11889527ed6ef84a0514c84ddd1b67f945b2b990aed0ec63c06ab5c2e9,10368,2026-01-03 20:19,copy,"packaged release, preserved intact"
release/aase-release/pretrained/apc/google_gemma_3_4b_it_financial.json,testingaase/aase-release/pretrained/apc/google_gemma_3_4b_it_financial.json,release,9214e448f06b6d9216ec2f35172e2096939550e4c88123c2273d15decc1bc48c,420,2026-01-03 20:19,copy,"packaged release, preserved intact"
release/aase-release/pretrained/apc/google_gemma_3_4b_it_financial.npy,testingaase/aase-release/pretrained/apc/google_gemma_3_4b_it_financial.npy,release,c93d048f8fb68bf6a2bf54c0462289fe30a78f125e4a302d871b49194f098ed0,10368,2026-01-03 20:19,copy,"packaged release, preserved intact"
release/aase-release/pretrained/apc/google_gemma_3_4b_it_legal.json,testingaase/aase-release/pretrained/apc/google_gemma_3_4b_it_legal.json,release,f91cdad818756c1ace015d4bcaa6aee1e05241471485f00d17ea912e36063367,416,2026-01-03 20:19,copy,"packaged release, preserved intact"
release/aase-release/pretrained/apc/google_gemma_3_4b_it_legal.npy,testingaase/aase-release/pretrained/apc/google_gemma_3_4b_it_legal.npy,release,c93d048f8fb68bf6a2bf54c0462289fe30a78f125e4a302d871b49194f098ed0,10368,2026-01-03 20:19,copy,"packaged release, preserved intact"
release/aase-release/pretrained/apc/google_gemma_3_4b_it_medical.json,testingaase/aase-release/pretrained/apc/google_gemma_3_4b_it_medical.json,release,6eb3e63f09b5b39c53033f67df893a1629f3f0bcd9a86c76603dc493e10b2488,388,2026-01-03 20:19,copy,"packaged release, preserved intact"
release/aase-release/pretrained/apc/google_gemma_3_4b_it_medical.npy,testingaase/aase-release/pretrained/apc/google_gemma_3_4b_it_medical.npy,release,ae505c22efec57534cb5c8f9e8033877fb0ac910fc48566e1aa85340b8ce1227,10368,2026-01-03 20:19,copy,"packaged release, preserved intact"
release/aase-release/pretrained/apc/meta_llama_Llama_3.1_8B_Instruct_crisis.json,testingaase/aase-release/pretrained/apc/meta_llama_Llama_3.1_8B_Instruct_crisis.json,release,f5724955249c2cfd1b50ef519c6d901c4e97c28f38a89b833410ee7cfef9b756,579,2026-01-03 20:19,copy,"packaged release, preserved intact"
release/aase-release/pretrained/apc/meta_llama_Llama_3.1_8B_Instruct_crisis.npy,testingaase/aase-release/pretrained/apc/meta_llama_Llama_3.1_8B_Instruct_crisis.npy,release,2e0bc1452b2666e263dd3fcd3c2c0b5efe14a0c6038f292f360a17119da78c20,16512,2026-01-03 20:19,copy,"packaged release, preserved intact"
release/aase-release/pretrained/apc/meta_llama_Llama_3.1_8B_Instruct_financial.json,testingaase/aase-release/pretrained/apc/meta_llama_Llama_3.1_8B_Instruct_financial.json,release,bf5a99e52c5861c0f4858483ff915a5ef330460608b812b82ce53e030f987f19,579,2026-01-03 20:19,copy,"packaged release, preserved intact"
release/aase-release/pretrained/apc/meta_llama_Llama_3.1_8B_Instruct_financial.npy,testingaase/aase-release/pretrained/apc/meta_llama_Llama_3.1_8B_Instruct_financial.npy,release,7eb7989809a1d8aef9d59cb2be7a546dfec2558fcdc1b717e0f467b1c66ede21,16512,2026-01-03 20:19,copy,"packaged release, preserved intact"
release/aase-release/pretrained/apc/meta_llama_Llama_3.1_8B_Instruct_legal.json,testingaase/aase-release/pretrained/apc/meta_llama_Llama_3.1_8B_Instruct_legal.json,release,975972adb1e635175ee761565c6077ee2fb389d9ffeb131ceda4bbf804fb445b,571,2026-01-03 20:19,copy,"packaged release, preserved intact"
release/aase-release/pretrained/apc/meta_llama_Llama_3.1_8B_Instruct_legal.npy,testingaase/aase-release/pretrained/apc/meta_llama_Llama_3.1_8B_Instruct_legal.npy,release,01430f27700af2010010b6529efe72930c1269d637c74546ee147ec284b2bcfa,16512,2026-01-03 20:19,copy,"packaged release, preserved intact"
release/aase-release/pretrained/apc/meta_llama_Llama_3.1_8B_Instruct_medical.json,testingaase/aase-release/pretrained/apc/meta_llama_Llama_3.1_8B_Instruct_medical.json,release,fe1e4863ffe2ee34423dd896598206aa7091ed21be85f288fd1b99e5f854f4b9,573,2026-01-03 20:19,copy,"packaged release, preserved intact"
release/aase-release/pretrained/apc/meta_llama_Llama_3.1_8B_Instruct_medical.npy,testingaase/aase-release/pretrained/apc/meta_llama_Llama_3.1_8B_Instruct_medical.npy,release,1e3d4e20067ceaa7c811cf058af2d45b2f8ce0c1e409e46eb79387eb569bf0e9,16512,2026-01-03 20:19,copy,"packaged release, preserved intact"
release/aase-release/pretrained/apc/meta_llama_Llama_3.2_1B_Instruct_crisis.json,testingaase/aase-release/pretrained/apc/meta_llama_Llama_3.2_1B_Instruct_crisis.json,release,d66cf963577c953e107b4d59cf84e05f1290ae6692852dbe8010a3d4ee45b6a9,577,2026-01-03 20:19,copy,"packaged release, preserved intact"
release/aase-release/pretrained/apc/meta_llama_Llama_3.2_1B_Instruct_crisis.npy,testingaase/aase-release/pretrained/apc/meta_llama_Llama_3.2_1B_Instruct_crisis.npy,release,98a3189fd6dfde1ed28a9170fdfb6b0877b933df768a1c7889757cc8f7f1e490,8320,2026-01-03 20:19,copy,"packaged release, preserved intact"
release/aase-release/pretrained/apc/meta_llama_Llama_3.2_1B_Instruct_financial.json,testingaase/aase-release/pretrained/apc/meta_llama_Llama_3.2_1B_Instruct_financial.json,release,9797a5eceb0b12445bdbc4c9d35507fcda0fb38a15bd8857acd3207ec38302dd,580,2026-01-03 20:19,copy,"packaged release, preserved intact"
release/aase-release/pretrained/apc/meta_llama_Llama_3.2_1B_Instruct_financial.npy,testingaase/aase-release/pretrained/apc/meta_llama_Llama_3.2_1B_Instruct_financial.npy,release,1d65388310090deed7fe4cf505aabee3bd63f050f3b3b5fbd5b24e761dffc6a8,8320,2026-01-03 20:19,copy,"packaged release, preserved intact"
release/aase-release/pretrained/apc/meta_llama_Llama_3.2_1B_Instruct_legal.json,testingaase/aase-release/pretrained/apc/meta_llama_Llama_3.2_1B_Instruct_legal.json,release,5a9bde518d6c451d577282b423d3795d50c650f374ea6a51ff108110d0cf4310,568,2026-01-03 20:19,copy,"packaged release, preserved intact"
release/aase-release/pretrained/apc/meta_llama_Llama_3.2_1B_Instruct_legal.npy,testingaase/aase-release/pretrained/apc/meta_llama_Llama_3.2_1B_Instruct_legal.npy,release,95e1e5d066e7333580415852fdb0dff7f039839f1c4954214921162871b7c956,8320,2026-01-03 20:19,copy,"packaged release, preserved intact"
release/aase-release/pretrained/apc/meta_llama_Llama_3.2_1B_Instruct_medical.json,testingaase/aase-release/pretrained/apc/meta_llama_Llama_3.2_1B_Instruct_medical.json,release,002721110ee029d8f1879d9ced72dbc9aec9cca81a930a71d3ed8bb8307b5a91,573,2026-01-03 20:19,copy,"packaged release, preserved intact"
release/aase-release/pretrained/apc/meta_llama_Llama_3.2_1B_Instruct_medical.npy,testingaase/aase-release/pretrained/apc/meta_llama_Llama_3.2_1B_Instruct_medical.npy,release,6b94361eb87699f76dda2823cc2b2962f44d1594625edae6ac2a567f4df89a45,8320,2026-01-03 20:19,copy,"packaged release, preserved intact"
release/aase-release/pretrained/apc/meta_llama_Llama_3.2_3B_Instruct_crisis.json,testingaase/aase-release/pretrained/apc/meta_llama_Llama_3.2_3B_Instruct_crisis.json,release,fdb90c598c75473f00799df40b92246154464483d69af8fd998e84f67ea37a25,581,2026-01-03 20:19,copy,"packaged release, preserved intact"
release/aase-release/pretrained/apc/meta_llama_Llama_3.2_3B_Instruct_crisis.npy,testingaase/aase-release/pretrained/apc/meta_llama_Llama_3.2_3B_Instruct_crisis.npy,release,fab635cc32a03942406d6c5ce604d79f3b54f1365855d5b71f126785605e4f03,12416,2026-01-03 20:19,copy,"packaged release, preserved intact"
release/aase-release/pretrained/apc/meta_llama_Llama_3.2_3B_Instruct_financial.json,testingaase/aase-release/pretrained/apc/meta_llama_Llama_3.2_3B_Instruct_financial.json,release,b0b8adec87ed6209995658f4d071fb04245ec5e03c6ca0d1ce21932745fedd8d,581,2026-01-03 20:19,copy,"packaged release, preserved intact"
release/aase-release/pretrained/apc/meta_llama_Llama_3.2_3B_Instruct_financial.npy,testingaase/aase-release/pretrained/apc/meta_llama_Llama_3.2_3B_Instruct_financial.npy,release,c2dc1212a5463419acf0764e883d0fa70e25aca00ba6728e5abd35bab326397c,12416,2026-01-03 20:19,copy,"packaged release, preserved intact"
release/aase-release/pretrained/apc/meta_llama_Llama_3.2_3B_Instruct_legal.json,testingaase/aase-release/pretrained/apc/meta_llama_Llama_3.2_3B_Instruct_legal.json,release,928c97294d4691ed90bc8f0486ca8a80fca6680b9649b71a1d2f3ddc5544d23c,571,2026-01-03 20:19,copy,"packaged release, preserved intact"
release/aase-release/pretrained/apc/meta_llama_Llama_3.2_3B_Instruct_legal.npy,testingaase/aase-release/pretrained/apc/meta_llama_Llama_3.2_3B_Instruct_legal.npy,release,6967bb161406a3a42d8932979a8d8e8cad1a47ebec0079a8346c624503ed6b96,12416,2026-01-03 20:19,copy,"packaged release, preserved intact"
release/aase-release/pretrained/apc/meta_llama_Llama_3.2_3B_Instruct_medical.json,testingaase/aase-release/pretrained/apc/meta_llama_Llama_3.2_3B_Instruct_medical.json,release,36baa0e93747f0c21e5fa9f3ee3bfec2b3491b8069b8514fd1b51710490baf34,575,2026-01-03 20:19,copy,"packaged release, preserved intact"
release/aase-release/pretrained/apc/meta_llama_Llama_3.2_3B_Instruct_medical.npy,testingaase/aase-release/pretrained/apc/meta_llama_Llama_3.2_3B_Instruct_medical.npy,release,66e67cbc193c4bae871374ab8e79f5e1fa30ca536afcc30fbeef40fac62cef98,12416,2026-01-03 20:19,copy,"packaged release, preserved intact"
release/aase-release/pretrained/generation_summary.json,testingaase/aase-release/pretrained/generation_summary.json,release,2679083aa8f420bfb2c28753bbeddf7acf49cdc769b0bfd38bf023066e6840de,822,2026-01-03 20:19,copy,"packaged release, preserved intact"
release/aase-release/pretrained/google_gemma_2_2b_it_summary.json,testingaase/aase-release/pretrained/google_gemma_2_2b_it_summary.json,release,47004b0a7ecf05534b4f86470ec8aa92e3a741050c3395532874955d18aef6d7,2486,2026-01-03 20:19,copy,"packaged release, preserved intact"
release/aase-release/pretrained/google_gemma_2_9b_it_summary.json,testingaase/aase-release/pretrained/google_gemma_2_9b_it_summary.json,release,b91a7056978a73c96007e751859b04e66594f5e7adeff34cdce98c74977716f2,2469,2026-01-03 20:19,copy,"packaged release, preserved intact"
release/aase-release/pretrained/google_gemma_3_1b_it_summary.json,testingaase/aase-release/pretrained/google_gemma_3_1b_it_summary.json,release,cb6ba5581099e02d9ac7a6ee44ffa7b5f537a1a55d91ec685387a7849c016457,2505,2026-01-03 20:19,copy,"packaged release, preserved intact"
release/aase-release/pretrained/google_gemma_3_4b_it_summary.json,testingaase/aase-release/pretrained/google_gemma_3_4b_it_summary.json,release,5105178068b684aa6b420b786723bd229805debdddb4151e6cd52a252f162d68,1127,2026-01-03 20:19,copy,"packaged release, preserved intact"
release/aase-release/pretrained/meta_llama_Llama_3.1_8B_Instruct_summary.json,testingaase/aase-release/pretrained/meta_llama_Llama_3.1_8B_Instruct_summary.json,release,0dfba80e6b5f862f868b43bcd87fef5f6a92025d54ddd528326091ebc865e8df,2486,2026-01-03 20:19,copy,"packaged release, preserved intact"
release/aase-release/pretrained/meta_llama_Llama_3.2_1B_Instruct_summary.json,testingaase/aase-release/pretrained/meta_llama_Llama_3.2_1B_Instruct_summary.json,release,09157f6552d7c8dfe9b6daf7584cf76a887e83c11a3225dda43ff5c90cd946ae,2490,2026-01-03 20:19,copy,"packaged release, preserved intact"
release/aase-release/pretrained/meta_llama_Llama_3.2_3B_Instruct_summary.json,testingaase/aase-release/pretrained/meta_llama_Llama_3.2_3B_Instruct_summary.json,release,0b547378e6a33c430f549a149eafc158ca3ad14ef1298706fd9e19b1e62fb344,2497,2026-01-03 20:19,copy,"packaged release, preserved intact"
release/aase-release/scripts/debug_aag.py,testingaase/aase-release/scripts/debug_aag.py,release,4a5eae0c72cd7d55daab0bd54507d99eb87053d40cb7d365125ef63dbaf9763e,4265,2026-01-03 20:19,copy,"packaged release, preserved intact"
release/aase-release/scripts/pretrain_batch.py,testingaase/aase-release/scripts/pretrain_batch.py,release,5937987624e51d0bf180b5ccd00ba70070a74dbbdc334a8ad3c24e5f807c30e1,6361,2026-01-03 20:19,copy,"packaged release, preserved intact"
release/aase-release/scripts/pretrain_gemma3_fixed.py,testingaase/aase-release/scripts/pretrain_gemma3_fixed.py,release,df27204b40cd5210898cfe6bc5a269e60c463e22a4431ae0c9c47a6cfcd31f36,15040,2026-01-03 20:19,copy,"packaged release, preserved intact"
release/aase-release/scripts/pretrain_robust.py,testingaase/aase-release/scripts/pretrain_robust.py,release,00432468e5123238d9027556839b9e0afffaff1fc5b7e006b7e7c719dd093b94,37913,2026-01-03 20:19,copy,"packaged release, preserved intact"
release/aase-release/scripts/recalibrate_v2.py,testingaase/aase-release/scripts/recalibrate_v2.py,release,0ecd65868b7b91d88dc7f3e418c5ff8d392c8cf265774206578b703d0bbe7953,9663,2026-01-03 20:19,copy,"packaged release, preserved intact"
release/aase-release/servers/aase_server_transformers.py,testingaase/aase-release/servers/aase_server_transformers.py,release,d4348284db2b3b7da008ac3567510689ff442b32065e59f24cd7db6b6aed8acb,11207,2026-01-03 20:19,copy,"packaged release, preserved intact"
release/aase-release/servers/aase_server_v2.py,testingaase/aase-release/servers/aase_server_v2.py,release,5f74b82d2f8e09c995a8c084aeb1451b0fae217be5e18758d7aaed64a17d79c3,11157,2026-01-03 20:19,copy,"packaged release, preserved intact"
release/aase-release/setup.py,testingaase/aase-release/setup.py,release,e8ed8db78248b66c05b154c98d84d81d83ef380ae7934a67fc33de44bf37bc47,456,2026-01-03 20:19,copy,"packaged release, preserved intact"
runtime/.bash_history,home/glen/.bash_history,home,1d980270be68cd5205e91dc9260ee7e216721a0577b47d9d963b1b6de1de6534,16630,2025-12-31 18:46,copy,canonical runtime (GPU VM home)
runtime/.bash_logout,home/glen/.bash_logout,home,26882b79471c25f945c970f8233d8ce29d54e9d5eedcd2884f88affa84a18f56,220,2022-03-27 11:40,copy,canonical runtime (GPU VM home)
runtime/.bashrc,home/glen/.bashrc,home,75daca31eeda06567fd200d13815787aa7f744351aaf2fc60e79c31145f8669c,3957,2025-12-26 01:24,copy,canonical runtime (GPU VM home)
runtime/.gitconfig,home/glen/.gitconfig,home,2fcf6fcc94b500028b68bce81acd810ea3d5a52e484090d946ca7d7d9b70fa6d,29,2025-12-26 01:32,copy,canonical runtime (GPU VM home)
runtime/.profile,home/glen/.profile,home,28b4a453b68dde64f814e94bab14ee651f4f162e15dd9920490aa1d49f05d2a4,807,2022-03-27 11:40,copy,canonical runtime (GPU VM home)
runtime/.viminfo,home/glen/.viminfo,home,2b68c7960d4e9bd8d75c4bf073df4585be2097df1119b43e50f8ae18e4d3e8c6,15870,2025-12-31 17:49,copy,canonical runtime (GPU VM home)
runtime/aag/InjecAgent/.gitignore,home/glen/aag/InjecAgent/.gitignore,home,cf8b5a9cf8de9aee5473f27220bdf88398e97bac8f626e402ee7770a5961e77d,25,2025-12-29 23:59,copy,canonical runtime (GPU VM home)
runtime/aag/InjecAgent/LICENCE,home/glen/aag/InjecAgent/LICENCE,home,b48589499dbb84caa796b00b4ea652b0443e49660282c44d890fd473b8c0674e,1066,2025-12-29 23:59,copy,canonical runtime (GPU VM home)
runtime/aag/InjecAgent/README.md,home/glen/aag/InjecAgent/README.md,home,09e81a9e68d5c2a1b491456c83da4ef0126426deb7eafa8588349c2dcce278ea,4586,2025-12-29 23:59,copy,canonical runtime (GPU VM home)
runtime/aag/InjecAgent/asset/overview.pdf,home/glen/aag/InjecAgent/asset/overview.pdf,home,91e9a0f9d4d1b46600c77fbb0ef48b7dcc8a090c69de2cca1e6e6145c2064db2,887229,2025-12-29 23:59,copy,canonical runtime (GPU VM home)
runtime/aag/InjecAgent/asset/overview.png,home/glen/aag/InjecAgent/asset/overview.png,home,7001987e562780f8018f44ac4f0ffd3a62a2b4ca383a2ddb73e2007002775fc4,495178,2025-12-29 23:59,copy,canonical runtime (GPU VM home)
runtime/aag/InjecAgent/data/attacker_cases_dh.jsonl,home/glen/aag/InjecAgent/data/attacker_cases_dh.jsonl,home,999d52e15af3c80a3303a09430af0f3878d1f91e4c573ca7b477a91cdfa6b991,10937,2025-12-29 23:59,copy,canonical runtime (GPU VM home)
runtime/aag/InjecAgent/data/attacker_cases_ds.jsonl,home/glen/aag/InjecAgent/data/attacker_cases_ds.jsonl,home,87952398c989d8ca841724e38ecdbb789676d3841e19dfc44aac7b710df9cb1f,13209,2025-12-29 23:59,copy,canonical runtime (GPU VM home)
runtime/aag/InjecAgent/data/attacker_simulated_responses.json,home/glen/aag/InjecAgent/data/attacker_simulated_responses.json,home,b1da2e1fb75f266c069b832fef6738c295f01d8962fae15bdac9ff6625e5594e,1359580,2025-12-29 23:59,copy,canonical runtime (GPU VM home)
runtime/aag/InjecAgent/data/test_cases_dh_base.json,home/glen/aag/InjecAgent/data/test_cases_dh_base.json,home,0a8186468d21389af432e8c7b399ae42264d1b93a07b65c7a489468508604305,672918,2025-12-29 23:59,copy,canonical runtime (GPU VM home)
runtime/aag/InjecAgent/data/test_cases_dh_enhanced.json,home/glen/aag/InjecAgent/data/test_cases_dh_enhanced.json,home,885602716b72c18af80695ce6c2e1f242fa03163bc90b0788b0c5e4ab6216d50,721878,2025-12-29 23:59,copy,canonical runtime (GPU VM home)
runtime/aag/InjecAgent/data/test_cases_ds_base.json,home/glen/aag/InjecAgent/data/test_cases_ds_base.json,home,4daab35c62a3845e8b9400f4dca58b9c9f37e57cd33b2337552557fbb26282e9,765370,2025-12-29 23:59,copy,canonical runtime (GPU VM home)
runtime/aag/InjecAgent/data/test_cases_ds_enhanced.json,home/glen/aag/InjecAgent/data/test_cases_ds_enhanced.json,home,7bc510868df032511053fc40e8470e68a041fb7148d055112093594bf73ab0ce,817594,2025-12-29 23:59,copy,canonical runtime (GPU VM home)
runtime/aag/InjecAgent/data/tools.json,home/glen/aag/InjecAgent/data/tools.json,home,e21a8f70b1d5de4677d6d52642936a322655d79b17a72c84f600550384083a1e,541498,2025-12-29 23:59,copy,canonical runtime (GPU VM home)
runtime/aag/InjecAgent/data/user_cases.jsonl,home/glen/aag/InjecAgent/data/user_cases.jsonl,home,c840e2b00fdce68e7142d0970220522303d67b2530d6fb36ef1112448cdd8977,10924,2025-12-29 23:59,copy,canonical runtime (GPU VM home)
runtime/aag/InjecAgent/requirements.txt,home/glen/aag/InjecAgent/requirements.txt,home,98d6b860115d877e3aae27228d004401592d9b2a0795ae52b32df97a0d7befbd,35,2025-12-29 23:59,copy,canonical runtime (GPU VM home)
runtime/aag/InjecAgent/src/evaluate_finetuned_agent.py,home/glen/aag/InjecAgent/src/evaluate_finetuned_agent.py,home,3dfd02b5f663ca39b4eb22669ebb0b639a81e38fc7eed63f6a65501a27478cce,5271,2025-12-29 23:59,copy,canonical runtime (GPU VM home)
runtime/aag/InjecAgent/src/evaluate_prompted_agent.py,home/glen/aag/InjecAgent/src/evaluate_prompted_agent.py,home,9a866bdec0c7da0abed9c0288b0f49404e62e77b8b2b623684d743ca87dbe4ae,6421,2025-12-29 23:59,copy,canonical runtime (GPU VM home)
runtime/aag/InjecAgent/src/models.py,home/glen/aag/InjecAgent/src/models.py,home,5d48592c29ee6d3535d1c5f3d2b9de3eea67690eba2a1e7e71e8ec7357fb7900,4403,2025-12-29 23:59,copy,canonical runtime (GPU VM home)
runtime/aag/InjecAgent/src/output_parsing.py,home/glen/aag/InjecAgent/src/output_parsing.py,home,b841348cdbc5b87c781bed4a592d375d02d51769ac2435cf2e7e69c08a03937b,9662,2025-12-29 23:59,copy,canonical runtime (GPU VM home)
runtime/aag/InjecAgent/src/params.py,home/glen/aag/InjecAgent/src/params.py,home,9ff2221b2bc8dca98ddb1ae987b2617b30e9b86fa95af9d59629e05e4e0da0f1,1605,2025-12-29 23:59,copy,canonical runtime (GPU VM home)
runtime/aag/InjecAgent/src/prompts/agent_prompts.py,home/glen/aag/InjecAgent/src/prompts/agent_prompts.py,home,f0249e434c46a9944dab9797edee4cd41e4fc6fceb48b8b8004585a7a4866037,9414,2025-12-29 23:59,copy,canonical runtime (GPU VM home)
runtime/aag/InjecAgent/src/prompts/generation_prompts.py,home/glen/aag/InjecAgent/src/prompts/generation_prompts.py,home,912d3f77008f3798f832f86df08a4a0fe93ad5be35358f44b379e33a255474f3,19261,2025-12-29 23:59,copy,canonical runtime (GPU VM home)
runtime/aag/InjecAgent/src/prompts/prompt_template.py,home/glen/aag/InjecAgent/src/prompts/prompt_template.py,home,370dfcde5cc3bcb6ebaa7825e90fb7ea7902e641f70a5a658a23306ba5058c9e,15024,2025-12-29 23:59,copy,canonical runtime (GPU VM home)
runtime/aag/InjecAgent/src/utils.py,home/glen/aag/InjecAgent/src/utils.py,home,ab21487f92cb14840d69dded17f176ceaa60690469e8cf9b141f87d3f9795d06,7341,2025-12-29 23:59,copy,canonical runtime (GPU VM home)
runtime/aag/agent_gating_poc.py,home/glen/aag/agent_gating_poc.py,home,6605bedce25a50f12b1976c3ec5c452e4bc69bc1ec3cfeee53f54bf18f78031c,33961,2025-12-29 19:46,copy,canonical runtime (GPU VM home)
runtime/aag/agent_gating_poc_v2.py,home/glen/aag/agent_gating_poc_v2.py,home,b4093a4a4551ced2cb701a7bab9afdcc0d68b6182ec2fdce8bc9f40374f334e4,27693,2025-12-29 19:50,copy,canonical runtime (GPU VM home)
runtime/aag/agent_gating_poc_v3.py,home/glen/aag/agent_gating_poc_v3.py,home,a88b7910cc365d421b4549a1f48c19077d5fd8160607efb3879ff714b5b28520,46664,2025-12-29 20:01,copy,canonical runtime (GPU VM home)
runtime/aag/agent_gating_poc_v4.py,home/glen/aag/agent_gating_poc_v4.py,home,33a68dbc36e59e36fe517a2824db74008f4514c74e28642e9d59c52bd70c32d5,54050,2025-12-29 20:07,copy,canonical runtime (GPU VM home)
runtime/aag/agent_gating_poc_v5.py,home/glen/aag/agent_gating_poc_v5.py,home,b09d33f4b2d10609f676f75d71eed362b1fc307792b0d780a6a9e2f986a891b0,55510,2025-12-29 20:14,copy,canonical runtime (GPU VM home)
runtime/aag/agent_gating_poc_v6.py,home/glen/aag/agent_gating_poc_v6.py,home,c4d4e50add62f92568708a1ff21f37de230488f67a66d6e8c2d59e30ed0a45b3,44510,2025-12-29 20:34,copy,canonical runtime (GPU VM home)
runtime/aag/e2e_live_agent_test.py,home/glen/aag/e2e_live_agent_test.py,home,3265b9967c7554939fc92a546852006dd0532e2eded9e6150d5c75a1097c0b66,27779,2025-12-30 00:23,copy,canonical runtime (GPU VM home)
runtime/aag/e2e_live_agent_test_v2.py,home/glen/aag/e2e_live_agent_test_v2.py,home,7c6244ab35f1643d858c893eb7d12ae7f22930e3d66b5b4a263f185341fc300e,18352,2025-12-30 00:27,copy,canonical runtime (GPU VM home)
runtime/aag/e2e_live_agent_test_v3.py,home/glen/aag/e2e_live_agent_test_v3.py,home,2f5ae1672714f9488bbbd18a4d567c50bc26479528233ba57aa7a97acc438a69,23904,2025-12-30 00:31,copy,canonical runtime (GPU VM home)
runtime/aag/e2e_test_results.json,home/glen/aag/e2e_test_results.json,home,34cb51812aa3da032c77ed81346ea1c8dece9a974b35f13f68399f002b768cde,5037,2025-12-30 00:24,copy,canonical runtime (GPU VM home)
runtime/aag/e2e_v2_results.json,home/glen/aag/e2e_v2_results.json,home,20e0a0765713d6d7c72a32c2bebd685195b18a28f94689e978efd66e68d83686,3532,2025-12-30 00:27,copy,canonical runtime (GPU VM home)
runtime/aag/e2e_v3_results.json,home/glen/aag/e2e_v3_results.json,home,80bb65093037d742cd74ef3fe5c700234ea6518531759da3695e66ee70231c6e,5952,2025-12-30 00:32,copy,canonical runtime (GPU VM home)
runtime/aag/injecagent_base_results.json,home/glen/aag/injecagent_base_results.json,home,452b5c63f6c380cdf5f6c92e29dea2d805b738e2883318a4e4fe58e8171acd4b,5969,2025-12-30 00:13,copy,canonical runtime (GPU VM home)
runtime/aag/injecagent_benchmark.py,home/glen/aag/injecagent_benchmark.py,home,5109ec0ee4fe62a9c9c6ba70238652e188fb0f9e10579ff2a6cda1719e7e8c38,30358,2025-12-30 00:08,copy,canonical runtime (GPU VM home)
runtime/aag/injecagent_benchmark_v3.py,home/glen/aag/injecagent_benchmark_v3.py,home,f989741599a47419d90c059efea09e8975ab7241e5b157d7ab92bbb8c87d23eb,27411,2025-12-30 00:37,copy,canonical runtime (GPU VM home)
runtime/aag/injecagent_benchmark_v4.py,home/glen/aag/injecagent_benchmark_v4.py,home,991176abb0ab55832f100b707040114e3a790b01cbf3969914416b3bfe4b912a,18940,2025-12-30 00:44,copy,canonical runtime (GPU VM home)
runtime/aag/injecagent_enhanced_results.json,home/glen/aag/injecagent_enhanced_results.json,home,b96be648b0279c2831fa6f712264b4249b53c66b74e8eaa49a1361b6e80ac3e1,5955,2025-12-30 00:18,copy,canonical runtime (GPU VM home)
runtime/aag/injecagent_v3_base_results.json,home/glen/aag/injecagent_v3_base_results.json,home,b59281419658b4771462c95502765b5d8f5efd6e1b03c58afb04032dd8c2e9c5,2719,2025-12-30 00:41,copy,canonical runtime (GPU VM home)
runtime/aag/injecagent_v4_base_results.json,home/glen/aag/injecagent_v4_base_results.json,home,8ab720d7599364726d49b24a5c71f7fa445770d82802e2d0fadaba08211c9ff5,494,2025-12-30 10:19,copy,canonical runtime (GPU VM home)
runtime/aag/injecagent_v4_enhanced_results.json,home/glen/aag/injecagent_v4_enhanced_results.json,home,22dd80646c8b57704c799a9c2f751faaddc78d12479237e897b06d671f28a7c7,497,2025-12-30 11:28,copy,canonical runtime (GPU VM home)
runtime/aag/phase1_live_agent.py,home/glen/aag/phase1_live_agent.py,home,7308404401a25461a12ad86375fe675672fdea244224e8ddd6115bd9c8e8aafc,32344,2025-12-29 21:28,copy,canonical runtime (GPU VM home)
runtime/aag/phase1_live_agent_v2.py,home/glen/aag/phase1_live_agent_v2.py,home,9007d1c1303c2b75363ee6a1358b7b992659b77ea68cf8661b1bc9b83e104645,27842,2025-12-29 21:37,copy,canonical runtime (GPU VM home)
runtime/aag/phase1_live_agent_v3.py,home/glen/aag/phase1_live_agent_v3.py,home,f1e6136deb83279a36faad7492041363a4ae204215b99f0508942ee3ab4170c9,36909,2025-12-29 21:43,copy,canonical runtime (GPU VM home)
runtime/aag/phase1_live_agent_v4.py,home/glen/aag/phase1_live_agent_v4.py,home,c201a91ec8ed1ac050beda6c67afc726fabde37d8dd5e97961c0aa48573078d5,36910,2025-12-29 21:49,copy,canonical runtime (GPU VM home)
runtime/aag/phase1_live_agent_v5.py,home/glen/aag/phase1_live_agent_v5.py,home,63e928c46ba3a9033ca1192371f086ddd3b9fe5a672ce60d2efb27d84d04b0ee,36952,2025-12-29 21:54,copy,canonical runtime (GPU VM home)
runtime/aag/phase1_v2_results.json,home/glen/aag/phase1_v2_results.json,home,0f9336f224fa10690cdd889db5db3e448b6a63646e42b69164da05a98c6e9c45,5922,2025-12-29 21:37,copy,canonical runtime (GPU VM home)
runtime/aag/phase1_v3_results.json,home/glen/aag/phase1_v3_results.json,home,14c9aa1582e401288651be5d51f81bda02516586fe92075ebe900bb82deb2ffb,5992,2025-12-29 21:43,copy,canonical runtime (GPU VM home)
runtime/aag/phase1_v4_results.json,home/glen/aag/phase1_v4_results.json,home,84cb07435edc51784aea6ae39a280d58c758e723235c968e1c2acc08e1ac34cd,7695,2025-12-29 21:49,copy,canonical runtime (GPU VM home)
runtime/aag/phase1_v5_results.json,home/glen/aag/phase1_v5_results.json,home,c826b6be815a053989ba445a6e74fd311595bac4adfb9f06c9420aa21c0be43c,7920,2025-12-29 21:54,copy,canonical runtime (GPU VM home)
runtime/aag/requirements.txt,home/glen/aag/requirements.txt,home,42d450afb6a9c300e118ada7bff747b85b52d91b3c9255a979e52dc017af59e5,242,2025-12-29 19:46,copy,canonical runtime (GPU VM home)
runtime/af-v2.tar.gz,home/glen/af-v2.tar.gz,home,bdddf3198ef5c7b68f90165f35d61f1b424188e47c662b65305a0373945738db,101567,2025-12-28 15:40,copy,canonical runtime (GPU VM home)
runtime/af_benchmark/README.md,home/glen/af_benchmark/README.md,home,636a8d4d53fd6ed331daf80101c2b8b1f70c66bc1c80fe9eb48c5648a6ab40e5,10291,2025-12-26 01:44,copy,canonical runtime (GPU VM home)
runtime/af_benchmark/af_evaluator.py,home/glen/af_benchmark/af_evaluator.py,home,43936f4814cd78c4ebe577d6cf9a582ff3aa1dfcc41687776b1de3a948acf825,18261,2025-12-26 01:44,copy,canonical runtime (GPU VM home)
runtime/af_benchmark/data_loader.py,home/glen/af_benchmark/data_loader.py,home,baccef75f2e13bf177a9032ed0be03fa091d3fc97f1b227d55d765ebac75af0b,11363,2025-12-26 01:44,copy,canonical runtime (GPU VM home)
runtime/af_benchmark/gemma_baseline.py,home/glen/af_benchmark/gemma_baseline.py,home,b781fd8d57f5cf345460b827fd05d5083c6b24db4554a7256103501fe15d52d4,8950,2025-12-26 01:44,copy,canonical runtime (GPU VM home)
runtime/af_benchmark/quick_test.py,home/glen/af_benchmark/quick_test.py,home,cd98ab52a324e1c57d362942fd8a2ec84176ffa1808f20ee4ea64e47abbe0e36,9876,2025-12-26 01:44,copy,canonical runtime (GPU VM home)
runtime/af_benchmark/requirements.txt,home/glen/af_benchmark/requirements.txt,home,85048ff30c988d95288e999f6f6055151f4715fa3d1179c54780b83e5cb9380e,441,2025-12-26 01:44,copy,canonical runtime (GPU VM home)
runtime/af_benchmark/run_benchmark.py,home/glen/af_benchmark/run_benchmark.py,home,daa91e37fc0013fd3d401e2617b696601c0d1f0f4f5a37882abd62fcbaf3c9f2,10880,2025-12-26 01:44,copy,canonical runtime (GPU VM home)
runtime/af_benchmark/setup_and_run.sh,home/glen/af_benchmark/setup_and_run.sh,home,b2bb6a8bc5485b1e3a25d4eb4e14f8ae5d5697524441838a5e0133092ce1309b,3756,2025-12-26 01:44,copy,canonical runtime (GPU VM home)
runtime/af_benchmark/shieldgemma_evaluator.py,home/glen/af_benchmark/shieldgemma_evaluator.py,home,20dd313cec78b1048517ba5f8942f0e38ce426bb1bf9192c9f05650dac470c8d,13320,2025-12-26 01:44,copy,canonical runtime (GPU VM home)
runtime/af_benchmark/utils.py,home/glen/af_benchmark/utils.py,home,8325e12f6b5066ee538bcb98bdf028ab7572d3bb27a82ecc535db3e479e6abe3,12128,2025-12-26 01:44,copy,canonical runtime (GPU VM home)
runtime/af_benchmark_ailuminate.py,home/glen/af_benchmark_ailuminate.py,home,6293522a1fb8810740b0502a967c1ca1ecf38b24833cbc25fead52ec5c9e1163,30220,2025-12-26 16:03,copy,canonical runtime (GPU VM home)
runtime/af_benchmark_ailuminate_results.json,home/glen/af_benchmark_ailuminate_results.json,home,24162e5dde1e50830e67bd2f48df96008e7a17e7c0582b06bd51a7d045cd42c2,6046,2025-12-27 20:09,copy,canonical runtime (GPU VM home)
runtime/af_benchmark_category.py,home/glen/af_benchmark_category.py,home,4fb99a2255acc7e4ab73a593616f8cb4b6696983711bbe2d8cb7a4d9dfe7a9d8,72739,2025-12-27 22:38,copy,canonical runtime (GPU VM home)
runtime/af_benchmark_category_v2.py,home/glen/af_benchmark_category_v2.py,home,434869c1bc4744729115885a9c2145392f8155f750cd2737723371aae9906b6e,87456,2025-12-28 13:40,copy,canonical runtime (GPU VM home)
runtime/af_benchmark_e2e.py,home/glen/af_benchmark_e2e.py,home,689ce8e5018493af4128d86c96223ea585cf15e231adf8038884749990694f01,44864,2025-12-26 11:24,copy,canonical runtime (GPU VM home)
runtime/af_benchmark_e2e_results.json,home/glen/af_benchmark_e2e_results.json,home,3037dc4f30b179ba192cbac2de1cb5c2f711ebe8ea6bfd968015847dae9744f6,678,2025-12-26 12:57,copy,canonical runtime (GPU VM home)
runtime/af_benchmark_three_way.py,home/glen/af_benchmark_three_way.py,home,74435b69d6734d689b8848d5343bff023ab90a72410d92cf8d1bba80141ce467,44141,2025-12-26 01:49,copy,canonical runtime (GPU VM home)
runtime/af_benchmark_three_way_results.json,home/glen/af_benchmark_three_way_results.json,home,b54c6fbfddcf65d3501c1202dd42299529bcc3a11398aa681969a3153e91b7f3,5188,2025-12-26 02:11,copy,canonical runtime (GPU VM home)
runtime/af_category_benchmark_results.json,home/glen/af_category_benchmark_results.json,home,9952a0b89df7c368cbbd27f67e2911a45f2021c8215c83d1c8b0014975ecbd15,3036,2025-12-27 22:48,copy,canonical runtime (GPU VM home)
runtime/af_category_benchmark_v2.1_results.json,home/glen/af_category_benchmark_v2.1_results.json,home,69c13de1d2cd6bf12b46dd15310f64709f0c9ef227621b99acbc3289403f94a4,4280,2025-12-28 11:28,copy,canonical runtime (GPU VM home)
runtime/af_category_benchmark_v2.2_results.json,home/glen/af_category_benchmark_v2.2_results.json,home,092cefe09a233ae5e836d375922a05719901f2d5d35459bc4a423349298e273c,4264,2025-12-28 13:52,copy,canonical runtime (GPU VM home)
runtime/af_category_benchmark_v2_results.json,home/glen/af_category_benchmark_v2_results.json,home,fd3ab98fb138c58448297eefa289080896b6d341c3a67e8e05cd66b3d358ef36,4244,2025-12-28 10:58,copy,canonical runtime (GPU VM home)
runtime/af_distribution/README.md,home/glen/af_distribution/README.md,home,b283c237f37595f0e5d961fd71a4c9d0987512e1e56fbc02273b235d1dcd6c9b,4660,2025-12-28 14:11,copy,canonical runtime (GPU VM home)
runtime/af_distribution/af_eval_comparison_report.md,home/glen/af_distribution/af_eval_comparison_report.md,home,9abcbb6c28b2616e99f9b29e009a496f37818b284a654e2064d2281e80524aaa,1284,2025-12-29 16:47,copy,canonical runtime (GPU VM home)
runtime/af_distribution/af_eval_comparison_results.json,home/glen/af_distribution/af_eval_comparison_results.json,home,cf30a44e6c77a76204468027122fe9ad36cfdb6d5567019c6dc3dc8a59c6ecfa,21567,2025-12-29 16:47,copy,canonical runtime (GPU VM home)
runtime/af_distribution/af_evaluate_vectors.py,home/glen/af_distribution/af_evaluate_vectors.py,home,cf04686324152c813d437548151d5d3ebc9b22c4778a95415843f2df114e4903,19206,2025-12-28 15:07,copy,canonical runtime (GPU VM home)
runtime/af_distribution/af_generate_gemma_vectors.py,home/glen/af_distribution/af_generate_gemma_vectors.py,home,57a97186d1c9cae3b96498e2eb91d0d3ec3557317548cdf1a3842980298b2592,61781,2025-12-28 15:22,copy,canonical runtime (GPU VM home)
runtime/af_distribution/af_quantization_report.md,home/glen/af_distribution/af_quantization_report.md,home,75efca7d64e1f10f8085518aeef56400c2c3668cda0a6b21e4e416de6fcf2630,3104,2025-12-29 16:43,copy,canonical runtime (GPU VM home)
runtime/af_distribution/af_quantization_test_results.json,home/glen/af_distribution/af_quantization_test_results.json,home,c9815ce1028ed198c88911d2f10bfb7de480f4057e60fb399e03ac36956faa99,15500,2025-12-29 16:43,copy,canonical runtime (GPU VM home)
runtime/af_distribution/af_runtime.py,home/glen/af_distribution/af_runtime.py,home,c4006d0dd9a5c1ae999995c9d182f618b02ad864e154d4d65c37aec07a41986a,19566,2025-12-28 15:09,copy,canonical runtime (GPU VM home)
runtime/af_distribution/af_vector_packager.py,home/glen/af_distribution/af_vector_packager.py,home,0d7ce382c23923e970dad9f369612ab1b2a6175aa794a2002b3c16c48e64bb5e,7147,2025-12-28 14:10,copy,canonical runtime (GPU VM home)
runtime/af_distribution/policies/af_policy.json,home/glen/af_distribution/policies/af_policy.json,home,f8e90dda615ed38e540af58be28e588cd3e60e5e32992bb48105b36271a9d8c7,3192,2025-12-28 14:11,copy,canonical runtime (GPU VM home)
runtime/af_distribution/test_eval_comparison.py,home/glen/af_distribution/test_eval_comparison.py,home,2ca24d74411962d6e9a4f531b28434a116857bf0d271f7c62e0e604074894f11,18983,2025-12-29 16:46,copy,canonical runtime (GPU VM home)
runtime/af_distribution/test_extreme_quantization.py,home/glen/af_distribution/test_extreme_quantization.py,home,b75a0c679ffed0279efdf3b0b2ea64c6726321e5f6365609561183341c539bc9,14130,2025-12-29 16:43,copy,canonical runtime (GPU VM home)
runtime/af_distribution/vectors/gemma-3-1b-it.json,home/glen/af_distribution/vectors/gemma-3-1b-it.json,home,704158156e7804d7d3b7473f981436b8342fe1f3999d9f5b141cff6c5630ed65,4086,2025-12-28 15:23,copy,canonical runtime (GPU VM home)
runtime/af_distribution/vectors/gemma-3-1b-it.safetensors,home/glen/af_distribution/vectors/gemma-3-1b-it.safetensors,home,477925552153301a37a281425a533dbb25ef43b1d959f15d55d59b51156b1254,76180,2025-12-28 15:23,copy,canonical runtime (GPU VM home)
runtime/af_distribution/vectors/gemma-3-270m-it.json,home/glen/af_distribution/vectors/gemma-3-270m-it.json,home,a0db36b5e517724b8c159ca5268f98d5ef73b3ff7b6e19d301e3c6e43bdb2274,3427,2025-12-28 14:21,copy,canonical runtime (GPU VM home)
runtime/af_distribution/vectors/gemma-3-270m-it.safetensors,home/glen/af_distribution/vectors/gemma-3-270m-it.safetensors,home,e6f5063ad65c42ad92ef4e5c52b36cdbd951e1329476cd94daf449f1f4e879d2,43396,2025-12-28 14:21,copy,canonical runtime (GPU VM home)
runtime/ahd/ahd_layer_sweep_4b.py,home/glen/ahd/ahd_layer_sweep_4b.py,home,0a946dd3622b9d42bd49058c0970d39bfbfefdb5876d15cf8f5f44d57e959d0a,9840,2025-12-31 17:02,copy,canonical runtime (GPU VM home)
runtime/ahd/ahd_layer_sweep_4b_results.json,home/glen/ahd/ahd_layer_sweep_4b_results.json,home,86e49a228c87059f6babdedd18af096c5de39755a41f4aa51527fd3e00541ec4,1736,2025-12-31 17:03,copy,canonical runtime (GPU VM home)
runtime/ahd/ahd_poc.py,home/glen/ahd/ahd_poc.py,home,33f86863542e4eee5d4f485d00dc3cf1be2db566ea579d929c8f1a6e3d91202f,28287,2025-12-31 14:48,copy,canonical runtime (GPU VM home)
runtime/ahd/ahd_poc_v2.py,home/glen/ahd/ahd_poc_v2.py,home,d9c08c713fc6efedc53b3d0fc8047631c53a08f0cb49a9364e3f1b0ae98f8be5,27087,2025-12-31 14:53,copy,canonical runtime (GPU VM home)
runtime/ahd/ahd_threshold_analysis.py,home/glen/ahd/ahd_threshold_analysis.py,home,31dbb9934f1b703025c745d4f58456a5411db7db26db269da47be9b73a155838,5102,2025-12-31 17:49,copy,canonical runtime (GPU VM home)
runtime/ahd/ahd_validation.py,home/glen/ahd/ahd_validation.py,home,85133296ca413bcb2c9cf4f409de433eacef30e21dc48891b7b081edc93c888f,32975,2025-12-31 15:12,copy,canonical runtime (GPU VM home)
runtime/ahd/ahd_validation_results.json,home/glen/ahd/ahd_validation_results.json,home,730f185279c44af81f312d4a9ac9d6df1c5e386d813fcaa15ffb366bf678bd0b,5466,2025-12-31 15:14,copy,canonical runtime (GPU VM home)
runtime/ahd/ahd_vectors/ahd_gemma-3-1b-it.json,home/glen/ahd/ahd_vectors/ahd_gemma-3-1b-it.json,home,c80b4f30cd7aef8a3b9206508fea4e868fbc15889da27f34e51a0fb719a235e4,529,2025-12-31 14:49,copy,canonical runtime (GPU VM home)
runtime/ahd/ahd_vectors/ahd_gemma-3-1b-it.safetensors,home/glen/ahd/ahd_vectors/ahd_gemma-3-1b-it.safetensors,home,1e4baae59026b537301b37acaba641bb2e255770bcf10322d154dc56eed0cce1,4780,2025-12-31 14:49,copy,canonical runtime (GPU VM home)
runtime/ahd/ahd_vectors/ahd_v2_gemma-3-1b-it.json,home/glen/ahd/ahd_vectors/ahd_v2_gemma-3-1b-it.json,home,12eb0dd1c78b7c7be1470b6e2056100697f7ab4644090b99112fe3c150634f9e,590,2025-12-31 14:53,copy,canonical runtime (GPU VM home)
runtime/ahd/ahd_vectors/ahd_v2_gemma-3-1b-it.safetensors,home/glen/ahd/ahd_vectors/ahd_v2_gemma-3-1b-it.safetensors,home,f5b8aa568333f516fa4ffef6e48b6c003ecc2dfe5b21db169a562eb4e311af2d,4976,2025-12-31 14:53,copy,canonical runtime (GPU VM home)
runtime/ahd/simpleqa_ahd_benchmark.py,home/glen/ahd/simpleqa_ahd_benchmark.py,home,7d8eecc631e2405faef6f77d038a8addbfc0d93aebecd0f0e62dc1fa2a5fade7,37351,2025-12-31 17:14,copy,canonical runtime (GPU VM home)
runtime/ahd/simpleqa_gemma4b_results.json,home/glen/ahd/simpleqa_gemma4b_results.json,home,1fa3588cf807bafbf520725b63c291fab78857fd7e8d5f7ac9a448afbb322565,43027,2025-12-31 16:46,copy,canonical runtime (GPU VM home)
runtime/ahd/simpleqa_gemma4b_v2_results.json,home/glen/ahd/simpleqa_gemma4b_v2_results.json,home,5bca332839d9778536a5000b9c3e735136e24bdddf714bbe480a3f4bdf4fc89e,43029,2025-12-31 17:06,copy,canonical runtime (GPU VM home)
runtime/ahd/simpleqa_gemma4b_v3_results.json,home/glen/ahd/simpleqa_gemma4b_v3_results.json,home,97830643f9e03f1efbb63a081501068aedfbd655c0d2a4629f118c7f27ac95c5,43316,2025-12-31 17:16,copy,canonical runtime (GPU VM home)
runtime/ailuminate_demo_en_us.csv,home/glen/ailuminate_demo_en_us.csv,home,63e2b654325c5405096fabf28ef5f057b0ad674904b1839fd1f52b523e324d02,322200,2025-12-26 16:03,copy,canonical runtime (GPU VM home)
runtime/apc/apc_poc.py,home/glen/apc/apc_poc.py,home,1303fa4e17d344f78971b54301df13a0459585a96771d5554506a2f8b264e255,37656,2025-12-29 20:20,copy,canonical runtime (GPU VM home)
runtime/apc/apc_poc_v2.py,home/glen/apc/apc_poc_v2.py,home,b8c78f24d4b3f4deeedcb5e13e198721db5a4dacaac99e1d3d9a55bf2b4a3a9f,50842,2025-12-29 20:30,copy,canonical runtime (GPU VM home)
runtime/apc/apc_poc_v3.py,home/glen/apc/apc_poc_v3.py,home,1aec062cb6faca71fde701bed3bcfd8b977506c6bdb2d55df9636e4b1c7f6f5a,49593,2025-12-29 20:38,copy,canonical runtime (GPU VM home)
runtime/apc/policy_vectors/enterprise_policies_v2.json,home/glen/apc/policy_vectors/enterprise_policies_v2.json,home,9a4904fadf132dab09bd84343cf154c0fb3689911cb8926a347f0d750cc1984a,3721,2025-12-29 20:31,copy,canonical runtime (GPU VM home)
runtime/apc/policy_vectors/enterprise_policies_v2.safetensors,home/glen/apc/policy_vectors/enterprise_policies_v2.safetensors,home,fe28011be6c543d189ad8c5853751e3137928e32b3a92738c2ff613603930d9e,28688,2025-12-29 20:31,copy,canonical runtime (GPU VM home)
runtime/apc/policy_vectors/enterprise_policies_v3.json,home/glen/apc/policy_vectors/enterprise_policies_v3.json,home,77b9d32a83bdf4cfc1a7c711a6a51ca53d94514c1ce5afbf271c963521459a49,3961,2025-12-29 20:38,copy,canonical runtime (GPU VM home)
runtime/apc/policy_vectors/enterprise_policies_v3.safetensors,home/glen/apc/policy_vectors/enterprise_policies_v3.safetensors,home,0cec56f0e4a2ede4765ac29a22dccd22c814e0231443d549ae82bce4d5f64f2b,28688,2025-12-29 20:38,copy,canonical runtime (GPU VM home)
runtime/ihe/ihe_analyze.py,home/glen/ihe/ihe_analyze.py,home,a0d5886480851c6b5d9bf79bfc8c362b1411363c307ff4d3ab8875a0a466fb8e,15873,2025-12-29 15:24,copy,canonical runtime (GPU VM home)
runtime/ihe/ihe_core.py,home/glen/ihe/ihe_core.py,home,ed4b0b8d3c01c49f7d4482c36bf87af2c4c99c62a3c9c6b36c8e93abc6752c93,67133,2025-12-29 15:49,copy,canonical runtime (GPU VM home)
runtime/ihe/ihe_eval.py,home/glen/ihe/ihe_eval.py,home,7631402ffb11a7c617dff2cbeba6c32f90143b759a767dd0f863380d07370d84,26789,2025-12-29 15:23,copy,canonical runtime (GPU VM home)
runtime/ihe/ihe_output/conflict_dataset.json,home/glen/ihe/ihe_output/conflict_dataset.json,home,d721b6268ad55735456918d5cfe1f9bd17d6fb602c86c49e9376974aea195db7,20990,2025-12-29 14:07,copy,canonical runtime (GPU VM home)
runtime/ihe/ihe_output/evaluation_results.json,home/glen/ihe/ihe_output/evaluation_results.json,home,845d00444ec61eeecccacf3c36d16f9a7b33a15651572d5cd876f7836e07ce96,8140,2025-12-29 15:45,copy,canonical runtime (GPU VM home)
runtime/ihe/ihe_output/hierarchy.json,home/glen/ihe/ihe_output/hierarchy.json,home,235d6cb7b2dc1adc26d98a32a5b05649a4778671f64a4cdeaf7fc337775746a5,343,2025-12-29 14:07,copy,canonical runtime (GPU VM home)
runtime/ihe/ihe_output/hierarchy.safetensors,home/glen/ihe/ihe_output/hierarchy.safetensors,home,1fced649eb5a4530a20d4ae220d6cde54c2343c02c14313bd643359b009f720f,9380,2025-12-29 14:07,copy,canonical runtime (GPU VM home)
runtime/ihe/ihe_train.py,home/glen/ihe/ihe_train.py,home,ac36b2276199175e34001383494f78ae3281ff0e0a7cdc5a522234060fb3cb3e,13160,2025-12-29 15:24,copy,canonical runtime (GPU VM home)
runtime/policy_vectors/enterprise_policies.json,home/glen/policy_vectors/enterprise_policies.json,home,59cb9bdbcf224f8dac45b50264c65873bd768d448a4f8a4443ec240270617b10,1762,2025-12-29 20:21,copy,canonical runtime (GPU VM home)
runtime/policy_vectors/enterprise_policies.safetensors,home/glen/policy_vectors/enterprise_policies.safetensors,home,b24a321def383db603112e4c554cfa300fc7c75b39f035fd841e9b81ecef987e,14340,2025-12-29 20:21,copy,canonical runtime (GPU VM home)
scripts/af/af_obfuscation_tuning.py,af_obfuscation_tuning.py,loose,984fad45101f2a51f1fd79f6b2607d497d31adc7ba74b404e15cf52433431a5d,19216,2025-12-27 23:35,copy,loose script; only copy
scripts/af/af_small_model_validation.py,af_small_model_validation.py,loose,6c41b2c0fd09bdd7b387e25a80b964a49ea1507c4ffbdf12f67dec618773b9a6,20398,2025-12-27 23:35,copy,loose script; only copy
scripts/af/af_vector_packaging.py,af_vector_packaging.py,loose,b895d81bab0a52fbca74eeae7f686d366d6dc6bedaa7ce758623c8e61a7a4fd9,21568,2025-12-27 23:35,copy,loose script; only copy
scripts/af/af_vllm_diagnostic.py,af_vllm_diagnostic (1).py,loose,79ab185dece3a733005627ef55860f6389a7529b3b3821a506f4035154438277,11463,2026-01-03 17:01,copy,loose script; latest of 2 variants by mtime
scripts/af/af_vllm_integration.py,af_vllm_integration.py,loose,c9f771a1e429aa578fe33258b83470d65d12e2834229bb4db11c90a022203f8f,19821,2026-01-03 16:50,copy,loose script; only copy
scripts/ahd/ahd_confidence_wrapper.py,ahd_confidence_wrapper (2).py,loose,e03c973961a3960ec365977266461a767264b54770abeeac41d071d451116e3e,19169,2026-01-01 19:15,copy,loose script; latest of 3 variants by mtime
scripts/ahd/ahd_hard_test.py,ahd_hard_test.py,loose,fa401f91f8586a2a4239054c1c17f5e4342af15b178717e85b5b6ef9fef22231,22717,2026-01-01 19:02,copy,loose script; only copy
scripts/ahd/ahd_layer_sweep_demo.py,ahd_layer_sweep_demo.py,loose,11551b73e7de4ee2c75b5bf7e2c70311d05d7a5da2f2a9af5db686fbfb8a4ae0,16199,2026-01-01 11:11,copy,loose script; only copy
scripts/ahd/ahd_layer_sweep_gemma9b.py,ahd_layer_sweep_gemma9b (1).py,loose,e730a2b006bc306041b4f5ec3086dc661fc2909bf3d9fe6286a77f710cfd47a0,18810,2026-01-01 18:23,copy,loose script; latest of 2 variants by mtime
scripts/ahd/ahd_realistic_test.py,ahd_realistic_test.py,loose,8eb7b3caaa38f5643441782cc18606d53ca21328e7caa2a426baca3a33297815,22196,2026-01-01 18:47,copy,loose script; only copy
scripts/ahd/ahd_realistic_test_v2.py,ahd_realistic_test_v2.py,loose,d65d2a02cbc07f660b8d8aed35d0924a61089486797577d224a3ca98eac19ff3,24102,2026-01-01 18:53,copy,loose script; only copy
scripts/ahd/layer_sweep_methodology.py,layer_sweep_methodology (1).py,loose,6197f21fc63d909459d9e3280d8d53e207e075fc97fe9b27fb3db4db940dc797,17097,2026-01-01 12:50,copy,loose script; only copy
scripts/apc/apc_layer_sweep_llama.py,apc_layer_sweep_llama.py,loose,7e67f807f1667f9174d1c1800af1312721ec1461e5bd4a1df85ed5632964861d,24386,2026-01-01 14:04,copy,loose script; only copy
scripts/apc/apc_vllm_validation.py,apc_vllm_validation.py,loose,314a33eed3f8815ec94eb9b044afd83b60c6db5896df897d29f7e5fd8a500d61,17950,2026-01-03 16:44,copy,loose script; only copy
scripts/benchmarks/benchmark_comparison.py,benchmark_comparison.py,loose,00b1c05787937af53b85d72e15e741b97bb9cc7df86adcd94c06a861e75810ff,44819,2025-12-22 17:25,copy,loose script; only copy
scripts/benchmarks/benchmark_comparison_v2.py,benchmark_comparison_v2.py,loose,ea8ff16894fa83f116a076cd6641aa7d316a29f0edf1b72993c1403e0d213272,46098,2025-12-22 17:39,copy,loose script; only copy
scripts/benchmarks/benchmark_comparison_v3.py,benchmark_comparison_v3.py,loose,c42533b76ed09393ea362085a8a6f98864331015c9e9faef7ec6ff9b8ce6287a,35998,2025-12-22 17:53,copy,loose script; only copy
scripts/benchmarks/benchmark_comparison_v4.py,benchmark_comparison_v4.py,loose,5f65396f3fb5cf03565ce97f0c17e785953051e4f83a8029b727ac63bea924ac,40567,2025-12-22 17:59,copy,loose script; only copy
scripts/benchmarks/benchmark_comparison_v5.py,benchmark_comparison_v5.py,loose,1b52d7df11b77bdef8c3f13a7e94dafcc270008655f44eb7b7ebb5c2222cfd11,44525,2025-12-22 18:07,copy,loose script; only copy
scripts/benchmarks/benchmark_latency.py,benchmark_latency.py,loose,e1c59376f495b780fc332a6419e16c27221b3e9c6187ae2f0b9f6e523df980b9,14298,2026-01-03 22:29,copy,loose script; only copy
scripts/benchmarks/defense_comparison.py,defense_comparison.py,loose,cf5953dc4edd5711a32b59b198dbb8dbdc94d0514b4e1608bd8eeb1d4319190b,38729,2025-12-22 18:31,copy,loose script; only copy
scripts/benchmarks/generate_roc_curves.py,generate_roc_curves.py,loose,cda69ac5c4363bea8e735895f803762a87dbe05df9498ca302bcf6456fce0c95,9819,2026-01-03 22:17,copy,loose script; only copy
scripts/benchmarks/llama_guard3_defense_comparison.py,llama_guard3_defense_comparison.py,loose,83d6174504c4c84b371b739028480a713f17d2fe60aea7d52a1a165cc30add22,26661,2025-12-22 20:19,copy,loose script; only copy
scripts/benchmarks/mlcommons_benchmark.py,mlcommons_benchmark.py,loose,16a9e6a584d81717cc1309f8e5234908cbe1add8f5c42a5102fb694eca5d7c3d,25029,2025-12-22 21:23,copy,loose script; only copy
scripts/infra/request_a100_quota.sh,request_a100_quota.sh,loose,a8205f2e979194386f4e9c194d3fd2dfbad6b3ea4be423aa84d950ea0843d0c1,3244,2026-01-04 10:46,copy,loose script; only copy
scripts/validation/gemma7b_validation.py,gemma7b_validation.py,loose,5fa2f473d5572b8a725ba17aa37c7bab34a5dbb330f71e3ac13cffaa003b04bc,35077,2025-12-22 16:48,copy,loose script; only copy
scripts/validation/gemma7b_validation_v2.py,gemma7b_validation_v2.py,loose,e6c9cdfa1057bf215048a07dbeccf00cb543136258c0b210e21aa6b1d76ab21c,43193,2025-12-22 16:55,copy,loose script; only copy
scripts/validation/llama3_validation.py,llama3_validation.py,loose,7a9f6f719337444f3cc5e17737abb2675e59b259e8084da692b6943c0fedf301,46486,2025-12-22 18:23,copy,loose script; only copy
scripts/validation/phase1_validation.py,phase1_validation.py,loose,a746e7012a05458c6b2e98042b1f175b09a0cfb1f3dea4ed871e62c33b6f2b2b,32761,2025-12-22 16:32,copy,loose script; only copy
scripts/validation/phase1_validation_v2.py,phase1_validation_v2.py,loose,7a83fa3919d45360252bae5e24bcb3c590b876e9dc2f8f8fd9fca1e3a391e1fa,38430,2025-12-22 16:32,copy,loose script; only copy
scripts/validation/phase1_validation_v3.py,phase1_validation_v3.py,loose,3bfdfb027554457b5c55ec398f8d0c1bf29c33ced325caefe596576d55c99e39,40166,2025-12-22 16:32,copy,loose script; only copy
scripts/validation/phase1_validation_v4.py,phase1_validation_v4.py,loose,93c0ed839d42a9065a3d3360e2503909269436ddd76cbdbf163fcc63a0520657,36060,2025-12-22 16:44,copy,loose script; only copy
scripts/validation/quantization_validation.py,quantization_validation.py,loose,029816f1ba39c549fc76a3a918b3f453d054df9dd0b4a638a07623c8dacb5a5a,19313,2025-12-22 22:35,copy,loose script; only copy
scripts/validation/run_validation_llama.py,run_validation_llama.py,loose,eea61726ea84a4e96c1ed7c3a281cde2335e856a1bca413cc9469b794aa76dc3,20388,2026-01-02 08:17,copy,loose script; only copy
scripts/validation/small_model_validation.py,small_model_validation.py,loose,8a90f2e288a1749da5b461bf45ba9e4d102536fac46a7a06548fa93f7150f0e6,21166,2025-12-23 00:18,copy,loose script; only copy
aase_vllm/README.md,aase 2/README.md,aase2,d09b8d79d7e603822c8d49cb522779d8f4e3921c1cc3a869dc568abcef57fc0f,6316,2026-01-04 00:44,copy,aase 2 is a superset of aase-vllm-0.1.1
aase_vllm/__init__.py,aase 2/__init__.py,aase2,c44239170467cd8d414740671016907eec92eb6c8f04782724f416049ee7d1ac,1150,2026-01-04 00:45,copy,aase 2 is a superset of aase-vllm-0.1.1
aase_vllm/core/__init__.py,aase 2/core/__init__.py,aase2,74b33615d0aee64fa536ded33cee783991ebd72723bcc72320716073e22f921d,875,2026-01-03 18:16,copy,aase 2 is a superset of aase-vllm-0.1.1
aase_vllm/core/extraction.py,aase 2/core/extraction.py,aase2,922236292c023f32dad3664fbfbb077fb93ea072e8b4faee543a08a0204344b8,18061,2026-01-03 18:16,copy,aase 2 is a superset of aase-vllm-0.1.1
aase_vllm/core/probe.py,aase 2/core/probe.py,aase2,e3cbff03cbebf14f04717bc2eb3ea0a0126af5d3eeda16fa7be56df6f3ce23e0,15902,2026-01-03 18:15,copy,aase 2 is a superset of aase-vllm-0.1.1
aase_vllm/core/vector.py,aase 2/core/vector.py,aase2,208d46ab0abce41bf8bdefaada60f7398463d7090d0a36cf581bab142477e555,9699,2026-01-03 18:16,copy,aase 2 is a superset of aase-vllm-0.1.1
aase_vllm/gemma-2-9b-probes.tar.gz,aase 2/gemma-2-9b-probes.tar.gz,aase2,acbb8001e2b90680eb4461ac296b582c0141c7f4ec747085c6544eaa9fb6ecec,67914,2026-01-04 14:21,copy,aase 2 is a superset of aase-vllm-0.1.1
aase_vllm/integrations/__init__.py,aase 2/integrations/__init__.py,aase2,eb220bebafe15c0c8158dfebf319cf2792a91bfc7f1e0275f1c8a7446d738043,347,2026-01-04 00:18,copy,aase 2 is a superset of aase-vllm-0.1.1
aase_vllm/integrations/vllm.py,aase 2/integrations/vllm.py,aase2,3210b65273a2966eec4c1151e7ab9e7cf001b03519a458dc6f43b440067eef34,18091,2026-01-04 00:43,copy,aase 2 is a superset of aase-vllm-0.1.1
aase_vllm/pretrained.zip,aase 2/pretrained.zip,aase2,8e453ce42cff748da12c30ee3049a367831bf80e08ddca435cc0c5612a674f8d,379128,2026-01-04 14:28,copy,aase 2 is a superset of aase-vllm-0.1.1
aase_vllm/pretrained/README.md,aase 2/pretrained/README.md,aase2,53e34c2ae15ef93b4c2ace4ad65cf4c5552ccbc3a3162b7f2966d801fdc4f0ff,1668,2026-01-03 18:27,copy,aase 2 is a superset of aase-vllm-0.1.1
aase_vllm/pretrained/aag/google_gemma_2_2b_it.json,aase 2/pretrained/aag/google_gemma_2_2b_it.json,aase2,6dbdd6c2541c7e7bba07dc89a7bca17e4d56930da626c8110fbf8f3598427943,373,2026-01-04 00:53,copy,aase 2 is a superset of aase-vllm-0.1.1
aase_vllm/pretrained/aag/google_gemma_2_2b_it.npy,aase 2/pretrained/aag/google_gemma_2_2b_it.npy,aase2,51cac928d09fadf06e88a901c8bcf0bd9a837250280aa7f6dfad2586d19eaa68,9344,2026-01-04 00:53,copy,aase 2 is a superset of aase-vllm-0.1.1
aase_vllm/pretrained/aag/google_gemma_2_9b_it.json,aase 2/pretrained/aag/google_gemma_2_9b_it.json,aase2,1757b29ee7b67651b2c29e8064f83418de1b2ce46c9796669a7876ee630d57f9,373,2026-01-04 13:16,copy,aase 2 is a superset of aase-vllm-0.1.1
aase_vllm/pretrained/aag/google_gemma_2_9b_it.npy,aase 2/pretrained/aag/google_gemma_2_9b_it.npy,aase2,2f88475981c032c4fc0ae6dc45f4a6291384735e148c6898a39e8f65f793d0e6,14464,2026-01-04 13:16,copy,aase 2 is a superset of aase-vllm-0.1.1
aase_vllm/pretrained/aag/google_gemma_3_1b_it.json,aase 2/pretrained/aag/google_gemma_3_1b_it.json,aase2,380bb0c7f4c2c64e344f8aa4c1df52c469b35257dba445345446875935288712,385,2026-01-04 00:53,copy,aase 2 is a superset of aase-vllm-0.1.1
aase_vllm/pretrained/aag/google_gemma_3_1b_it.npy,aase 2/pretrained/aag/google_gemma_3_1b_it.npy,aase2,29c5a2a38354f57731d7f46b38cd059dd046c6c514619d502c537ca31c857a97,4736,2026-01-04 00:53,copy,aase 2 is a superset of aase-vllm-0.1.1
aase_vllm/pretrained/aag/google_gemma_3_4b_it.json,aase 2/pretrained/aag/google_gemma_3_4b_it.json,aase2,d14bb3f2842255a05f620f815c1ca058aa336b17a9f58afca7b873ced87e198c,378,2026-01-04 00:53,copy,aase 2 is a superset of aase-vllm-0.1.1
aase_vllm/pretrained/aag/google_gemma_3_4b_it.npy,aase 2/pretrained/aag/google_gemma_3_4b_it.npy,aase2,448e0bc278cc8778c25a5936f868aa698c524c2766298f72a29609d7d8d330d2,10368,2026-01-04 00:53,copy,aase 2 is a superset of aase-vllm-0.1.1
aase_vllm/pretrained/aag/meta_llama_Llama_3.1_8B_Instruct.json,aase 2/pretrained/aag/meta_llama_Llama_3.1_8B_Instruct.json,aase2,bff48da5a6c5b25fcefe7ca18adc934d7506b22dafa8a1542e33d6471ea847d4,375,2026-01-04 00:53,copy,aase 2 is a superset of aase-vllm-0.1.1
aase_vllm/pretrained/aag/meta_llama_Llama_3.1_8B_Instruct.npy,aase 2/pretrained/aag/meta_llama_Llama_3.1_8B_Instruct.npy,aase2,d7d50588c74fa9dc4154560895100e2547ec9e0a1ba15b94322c3b76c1890ee0,16512,2026-01-04 00:53,copy,aase 2 is a superset of aase-vllm-0.1.1
aase_vllm/pretrained/aag/meta_llama_Llama_3.2_1B_Instruct.json,aase 2/pretrained/aag/meta_llama_Llama_3.2_1B_Instruct.json,aase2,206740826300a77bee448a6093901c8e5606e8e6cfad97ddb51d80810b5a0f92,369,2026-01-04 00:53,copy,aase 2 is a superset of aase-vllm-0.1.1
aase_vllm/pretrained/aag/meta_llama_Llama_3.2_1B_Instruct.npy,aase 2/pretrained/aag/meta_llama_Llama_3.2_1B_Instruct.npy,aase2,828fefb7ad1db8d605abadf0f7ab1745d05824491b20dc523fe24a787462b2f1,8320,2026-01-04 00:53,copy,aase 2 is a superset of aase-vllm-0.1.1
aase_vllm/pretrained/aag/meta_llama_Llama_3.2_3B_Instruct.json,aase 2/pretrained/aag/meta_llama_Llama_3.2_3B_Instruct.json,aase2,286ebd8331e3e440afbc26a8a053a42c3986b0131012a0d99e83a62200ba6d9a,383,2026-01-04 00:53,copy,aase 2 is a superset of aase-vllm-0.1.1
aase_vllm/pretrained/aag/meta_llama_Llama_3.2_3B_Instruct.npy,aase 2/pretrained/aag/meta_llama_Llama_3.2_3B_Instruct.npy,aase2,62baead10726c5ea2c350c0bfb9a820f434ebff5bb7d488ba095ee7bff8c1d1c,12416,2026-01-04 00:53,copy,aase 2 is a superset of aase-vllm-0.1.1
aase_vllm/pretrained/af/google_gemma_2_2b_it.json,aase 2/pretrained/af/google_gemma_2_2b_it.json,aase2,50da706b43a9d2526cb019064ed49684435e6af835701c5579ce5d324dded7f1,358,2026-01-04 00:52,copy,aase 2 is a superset of aase-vllm-0.1.1
aase_vllm/pretrained/af/google_gemma_2_2b_it.npy,aase 2/pretrained/af/google_gemma_2_2b_it.npy,aase2,ba771eaa269e246eac549aec981fc9d819c4e696e3980d95d552b3491440c677,9344,2026-01-04 00:52,copy,aase 2 is a superset of aase-vllm-0.1.1
aase_vllm/pretrained/af/google_gemma_2_9b_it.json,aase 2/pretrained/af/google_gemma_2_9b_it.json,aase2,706375b1c38dbcd9c7c50e21379a232620a860798adf2331a705118e73533e5f,358,2026-01-04 13:16,copy,aase 2 is a superset of aase-vllm-0.1.1
aase_vllm/pretrained/af/google_gemma_2_9b_it.npy,aase 2/pretrained/af/google_gemma_2_9b_it.npy,aase2,92ff6c6d557694ae5e598ee8a37b8a9bd2c4f2f9a4388a962dae8b83fd2c6b16,14464,2026-01-04 13:16,copy,aase 2 is a superset of aase-vllm-0.1.1
aase_vllm/pretrained/af/google_gemma_3_1b_it.json,aase 2/pretrained/af/google_gemma_3_1b_it.json,aase2,fc5ff9f64870d4cdc1d42ccf38949d794fd2d899da3afac546e13298790a1b3c,357,2026-01-04 00:52,copy,aase 2 is a superset of aase-vllm-0.1.1
aase_vllm/pretrained/af/google_gemma_3_1b_it.npy,aase 2/pretrained/af/google_gemma_3_1b_it.npy,aase2,679e4800f6acc2bc91aac8cc9b3620e999c992a4a4b1d1593ad501ea38859f2d,4736,2026-01-04 00:52,copy,aase 2 is a superset of aase-vllm-0.1.1
aase_vllm/pretrained/af/google_gemma_3_4b_it.json,aase 2/pretrained/af/google_gemma_3_4b_it.json,aase2,5bde07495930258438c653e7029a630e5f753f9ea3fa164fb11817bc1930190f,358,2026-01-04 00:52,copy,aase 2 is a superset of aase-vllm-0.1.1
aase_vllm/pretrained/af/google_gemma_3_4b_it.npy,aase 2/pretrained/af/google_gemma_3_4b_it.npy,aase2,c1ac571d6ae00412b40d43ab050ecb5ce4318ec8e7e1cc6061a5896ed3526df6,10368,2026-01-04 00:52,copy,aase 2 is a superset of aase-vllm-0.1.1
aase_vllm/pretrained/af/meta_llama_Llama_3.1_8B_Instruct.json,aase 2/pretrained/af/meta_llama_Llama_3.1_8B_Instruct.json,aase2,a8d0aa46c0cd7b84878c7ade0c798e885f20c59ee4177732efe3d8175376b8ff,370,2026-01-04 00:52,copy,aase 2 is a superset of aase-vllm-0.1.1
aase_vllm/pretrained/af/meta_llama_Llama_3.1_8B_Instruct.npy,aase 2/pretrained/af/meta_llama_Llama_3.1_8B_Instruct.npy,aase2,e8222e12efdcc34e3952fe7de857b33cd49286912cafee64e4e95acb8c34c09c,16512,2026-01-04 00:52,copy,aase 2 is a superset of aase-vllm-0.1.1
aase_vllm/pretrained/af/meta_llama_Llama_3.2_1B_Instruct.json,aase 2/pretrained/af/meta_llama_Llama_3.2_1B_Instruct.json,aase2,f0e5fc0012b09b9752ef3fddd3ea6b589c9f8e14318ac5e36540231be6413c28,371,2026-01-04 00:52,copy,aase 2 is a superset of aase-vllm-0.1.1
aase_vllm/pretrained/af/meta_llama_Llama_3.2_1B_Instruct.npy,aase 2/pretrained/af/meta_llama_Llama_3.2_1B_Instruct.npy,aase2,fe59db6c0647362313de29c0e2a598acaef53d6ebc9df7420e05598e845d1812,8320,2026-01-04 00:52,copy,aase 2 is a superset of aase-vllm-0.1.1
aase_vllm/pretrained/af/meta_llama_Llama_3.2_3B_Instruct.json,aase 2/pretrained/af/meta_llama_Llama_3.2_3B_Instruct.json,aase2,12d8febd846993ca1e24029c0cb9ce366b20e20a82ef7533fdcb5bf837062dac,374,2026-01-04 00:52,copy,aase 2 is a superset of aase-vllm-0.1.1
aase_vllm/pretrained/af/meta_llama_Llama_3.2_3B_Instruct.npy,aase 2/pretrained/af/meta_llama_Llama_3.2_3B_Instruct.npy,aase2,628770abbef02b7565a590d0bf61a53790e7e10b61fed43bafd2489dc154ba19,12416,2026-01-04 00:52,copy,aase 2 is a superset of aase-vllm-0.1.1
aase_vllm/pretrained/apc/financial/google_gemma_2_2b_it.json,aase 2/pretrained/apc/financial/google_gemma_2_2b_it.json,aase2,241ebcf578fa2c6503c4a2fa84c155c14e7f3dcc53068ca532031c3bf1da3c0f,383,2026-01-04 00:55,copy,aase 2 is a superset of aase-vllm-0.1.1
aase_vllm/pretrained/apc/financial/google_gemma_2_2b_it.npy,aase 2/pretrained/apc/financial/google_gemma_2_2b_it.npy,aase2,9fcba22cb9f279d4175eab38cd1a5bebe699c3f082def33f03e14437304c8a4b,9344,2026-01-04 00:55,copy,aase 2 is a superset of aase-vllm-0.1.1
aase_vllm/pretrained/apc/financial/google_gemma_2_9b_it.json,aase 2/pretrained/apc/financial/google_gemma_2_9b_it.json,aase2,745d102f37c1cbc79736207fac812b49b903ea66572e55b6184b18adffa93567,386,2026-01-04 13:16,copy,aase 2 is a superset of aase-vllm-0.1.1
aase_vllm/pretrained/apc/financial/google_gemma_2_9b_it.npy,aase 2/pretrained/apc/financial/google_gemma_2_9b_it.npy,aase2,0743ff2bcb1d7771b6de5d1a3b47fdead68a4129ed9af03db239d60bb450b66a,14464,2026-01-04 13:16,copy,aase 2 is a superset of aase-vllm-0.1.1
aase_vllm/pretrained/apc/financial/google_gemma_3_1b_it.json,aase 2/pretrained/apc/financial/google_gemma_3_1b_it.json,aase2,d89eb8bf7fc9106f6940697fcddc056e6fa70fb9d56b6ead4dbe2a56c74a6cd0,382,2026-01-04 00:55,copy,aase 2 is a superset of aase-vllm-0.1.1
aase_vllm/pretrained/apc/financial/google_gemma_3_1b_it.npy,aase 2/pretrained/apc/financial/google_gemma_3_1b_it.npy,aase2,aa3cf29153bb2d31fdfca13eb6fec1370c35bc8356a1234ffaec583906ff506d,4736,2026-01-04 00:55,copy,aase 2 is a superset of aase-vllm-0.1.1
aase_vllm/pretrained/apc/financial/google_gemma_3_4b_it.json,aase 2/pretrained/apc/financial/google_gemma_3_4b_it.json,aase2,8a8b7050471b361377d83043be5663bc96b02c4a210bc7fe9397249d938ab846,399,2026-01-04 00:55,copy,aase 2 is a superset of aase-vllm-0.1.1
aase_vllm/pretrained/apc/financial/google_gemma_3_4b_it.npy,aase 2/pretrained/apc/financial/google_gemma_3_4b_it.npy,aase2,d5a1a275a21aad5ad643be4da4209e865b15dcd722535a09e11298887dcc2cdc,10368,2026-01-04 00:55,copy,aase 2 is a superset of aase-vllm-0.1.1
aase_vllm/pretrained/apc/financial/meta_llama_Llama_3.1_8B_Instruct.json,aase 2/pretrained/apc/financial/meta_llama_Llama_3.1_8B_Instruct.json,aase2,906bd9a7510d04e46b1196c9117c97bb8d3b191f38b3a256ca7d8b8d2af61e72,395,2026-01-04 00:55,copy,aase 2 is a superset of aase-vllm-0.1.1
aase_vllm/pretrained/apc/financial/meta_llama_Llama_3.1_8B_Instruct.npy,aase 2/pretrained/apc/financial/meta_llama_Llama_3.1_8B_Instruct.npy,aase2,21d6ec8116d161cc9dfd1e6deb6d45eedf7c573b64fa403112661e7a1d2680b5,16512,2026-01-04 00:55,copy,aase 2 is a superset of aase-vllm-0.1.1
aase_vllm/pretrained/apc/financial/meta_llama_Llama_3.2_1B_Instruct.json,aase 2/pretrained/apc/financial/meta_llama_Llama_3.2_1B_Instruct.json,aase2,ad38d2d265c97e1653c4a2cf868ec4c5ecb5484a8f8edcc2a7a05bf24db70800,396,2026-01-04 00:55,copy,aase 2 is a superset of aase-vllm-0.1.1
aase_vllm/pretrained/apc/financial/meta_llama_Llama_3.2_1B_Instruct.npy,aase 2/pretrained/apc/financial/meta_llama_Llama_3.2_1B_Instruct.npy,aase2,2811e0303d3e8a9e44e564dfe4bea803c9a7e2e6f629a0626e17f2c79ce9cd62,8320,2026-01-04 00:55,copy,aase 2 is a superset of aase-vllm-0.1.1
aase_vllm/pretrained/apc/financial/meta_llama_Llama_3.2_3B_Instruct.json,aase 2/pretrained/apc/financial/meta_llama_Llama_3.2_3B_Instruct.json,aase2,dfd42a3c4fc0493e940f608a22158b03f7a47cc91e4dc3532f1016ce7f82b6d4,396,2026-01-04 00:55,copy,aase 2 is a superset of aase-vllm-0.1.1
aase_vllm/pretrained/apc/financial/meta_llama_Llama_3.2_3B_Instruct.npy,aase 2/pretrained/apc/financial/meta_llama_Llama_3.2_3B_Instruct.npy,aase2,1ef8024d7e160fe34f4096ada1ebc30b8c19ee9dcf3116059310764c588bf476,12416,2026-01-04 00:55,copy,aase 2 is a superset of aase-vllm-0.1.1
aase_vllm/pretrained/apc/legal/google_gemma_2_2b_it.json,aase 2/pretrained/apc/legal/google_gemma_2_2b_it.json,aase2,1d6c96f616709d3545c1e848b4018cd4f4710f3a80cab7230e86dc668b5c244f,379,2026-01-04 00:55,copy,aase 2 is a superset of aase-vllm-0.1.1
aase_vllm/pretrained/apc/legal/google_gemma_2_2b_it.npy,aase 2/pretrained/apc/legal/google_gemma_2_2b_it.npy,aase2,e785b52b0d93117371b0d3785521df76e8f2def6bb390dc264c00b284f4fc62d,9344,2026-01-04 00:55,copy,aase 2 is a superset of aase-vllm-0.1.1
aase_vllm/pretrained/apc/legal/google_gemma_2_9b_it.json,aase 2/pretrained/apc/legal/google_gemma_2_9b_it.json,aase2,aef11b62fe993ede887c48e1feb3b622d587ddc7fed5f9e9022bb0ebd9a8c837,379,2026-01-04 13:16,copy,aase 2 is a superset of aase-vllm-0.1.1
aase_vllm/pretrained/apc/legal/google_gemma_2_9b_it.npy,aase 2/pretrained/apc/legal/google_gemma_2_9b_it.npy,aase2,1444332dc5242da4250d7017a0190c67ab0ebf462fa23acb88fd6d2f9d2ac18b,14464,2026-01-04 13:16,copy,aase 2 is a superset of aase-vllm-0.1.1
aase_vllm/pretrained/apc/legal/google_gemma_3_1b_it.json,aase 2/pretrained/apc/legal/google_gemma_3_1b_it.json,aase2,312a4bf0eae5f70d266923649899ed5c5f3090dad1534609b32b1ffbd422a8c1,409,2026-01-04 00:55,copy,aase 2 is a superset of aase-vllm-0.1.1
aase_vllm/pretrained/apc/legal/google_gemma_3_1b_it.npy,aase 2/pretrained/apc/legal/google_gemma_3_1b_it.npy,aase2,ce36b4a8494a46691330b32087c05dd70fa7a6a8dbaf99af8e383fd55049577f,4736,2026-01-04 00:55,copy,aase 2 is a superset of aase-vllm-0.1.1
aase_vllm/pretrained/apc/legal/google_gemma_3_4b_it.json,aase 2/pretrained/apc/legal/google_gemma_3_4b_it.json,aase2,7065482deed462e9ec585f5480109b5a421471659c73655071a257aa04b3fd58,405,2026-01-04 00:55,copy,aase 2 is a superset of aase-vllm-0.1.1
aase_vllm/pretrained/apc/legal/google_gemma_3_4b_it.npy,aase 2/pretrained/apc/legal/google_gemma_3_4b_it.npy,aase2,6beb42f068cb3fa60fba64d57c5803153df662ac7e8b504048cd2af03c1b26f3,10368,2026-01-04 00:55,copy,aase 2 is a superset of aase-vllm-0.1.1
aase_vllm/pretrained/apc/legal/meta_llama_Llama_3.1_8B_Instruct.json,aase 2/pretrained/apc/legal/meta_llama_Llama_3.1_8B_Instruct.json,aase2,17e9631d5dc7cac56eaf2620d46c3f142bd8b41048eb52ab8f90264b1a56c6da,391,2026-01-04 00:55,copy,aase 2 is a superset of aase-vllm-0.1.1
aase_vllm/pretrained/apc/legal/meta_llama_Llama_3.1_8B_Instruct.npy,aase 2/pretrained/apc/legal/meta_llama_Llama_3.1_8B_Instruct.npy,aase2,6e9f4870285c7a42e9cd35210254458b42359b7defa805a9115e12deeb073556,16512,2026-01-04 00:55,copy,aase 2 is a superset of aase-vllm-0.1.1
aase_vllm/pretrained/apc/legal/meta_llama_Llama_3.2_1B_Instruct.json,aase 2/pretrained/apc/legal/meta_llama_Llama_3.2_1B_Instruct.json,aase2,efde99ac92966034686c602d5bcda25d14c4c8a88497d0a4244f9fc84a3a0c8d,391,2026-01-04 00:55,copy,aase 2 is a superset of aase-vllm-0.1.1
aase_vllm/pretrained/apc/legal/meta_llama_Llama_3.2_1B_Instruct.npy,aase 2/pretrained/apc/legal/meta_llama_Llama_3.2_1B_Instruct.npy,aase2,75c418350b45e5a0e094ff303525ffa17c7b6c459e10df841686275c8a550090,8320,2026-01-04 00:55,copy,aase 2 is a superset of aase-vllm-0.1.1
aase_vllm/pretrained/apc/legal/meta_llama_Llama_3.2_3B_Instruct.json,aase 2/pretrained/apc/legal/meta_llama_Llama_3.2_3B_Instruct.json,aase2,72691d15ef497250e2e5582af5995894cff7fbe5dbf22704979ef0bff187ede4,391,2026-01-04 00:55,copy,aase 2 is a superset of aase-vllm-0.1.1
aase_vllm/pretrained/apc/legal/meta_llama_Llama_3.2_3B_Instruct.npy,aase 2/pretrained/apc/legal/meta_llama_Llama_3.2_3B_Instruct.npy,aase2,ddb16477d2d88c150a5a515f9f8e3435c7fd62035e3adeaa3175044c8b906496,12416,2026-01-04 00:55,copy,aase 2 is a superset of aase-vllm-0.1.1
aase_vllm/pretrained/apc/medical/google_gemma_2_2b_it.json,aase 2/pretrained/apc/medical/google_gemma_2_2b_it.json,aase2,f498eee60c6a839c453e5cc2183f445015fc398a0255e91de944f1ce483750f5,380,2026-01-04 00:55,copy,aase 2 is a superset of aase-vllm-0.1.1
aase_vllm/pretrained/apc/medical/google_gemma_2_2b_it.npy,aase 2/pretrained/apc/medical/google_gemma_2_2b_it.npy,aase2,894998531e5be8d5fdf2df5ab92c513324e5207581680b1b9cfc39d53071dbc7,9344,2026-01-04 00:55,copy,aase 2 is a superset of aase-vllm-0.1.1
aase_vllm/pretrained/apc/medical/google_gemma_2_9b_it.json,aase 2/pretrained/apc/medical/google_gemma_2_9b_it.json,aase2,99fbc824cd0ccab41cce316da6dad80b4e7cf237c306c34149297f546ff417cb,382,2026-01-04 13:16,copy,aase 2 is a superset of aase-vllm-0.1.1
aase_vllm/pretrained/apc/medical/google_gemma_2_9b_it.npy,aase 2/pretrained/apc/medical/google_gemma_2_9b_it.npy,aase2,4add5ad45601e37a50b417d572cc66138a2628b5e3fd15c986fced45a8c7304f,14464,2026-01-04 13:16,copy,aase 2 is a superset of aase-vllm-0.1.1
aase_vllm/pretrained/apc/medical/google_gemma_3_1b_it.json,aase 2/pretrained/apc/medical/google_gemma_3_1b_it.json,aase2,3012d4fe8825ec68cef7d1d77cee42b031bf09f3f3b4c50d454699db005a0656,381,2026-01-04 00:55,copy,aase 2 is a superset of aase-vllm-0.1.1
aase_vllm/pretrained/apc/medical/google_gemma_3_1b_it.npy,aase 2/pretrained/apc/medical/google_gemma_3_1b_it.npy,aase2,278d4c4c5f7ed6f807da32e3b6e09d53c6d2fdac1f2b0b478b3cc9023b0c771c,4736,2026-01-04 00:55,copy,aase 2 is a superset of aase-vllm-0.1.1
aase_vllm/pretrained/apc/medical/google_gemma_3_4b_it.json,aase 2/pretrained/apc/medical/google_gemma_3_4b_it.json,aase2,8def4d287667e47b027d19454ac2a8d888c988fbacdcf60d9e5958357a81cf3a,413,2026-01-04 00:55,copy,aase 2 is a superset of aase-vllm-0.1.1
aase_vllm/pretrained/apc/medical/google_gemma_3_4b_it.npy,aase 2/pretrained/apc/medical/google_gemma_3_4b_it.npy,aase2,1856cfe116b9c544d5b51d3770e5262749f4e548576fe96b4fc4a0492011ff4d,10368,2026-01-04 00:55,copy,aase 2 is a superset of aase-vllm-0.1.1
aase_vllm/pretrained/apc/medical/meta_llama_Llama_3.1_8B_Instruct.json,aase 2/pretrained/apc/medical/meta_llama_Llama_3.1_8B_Instruct.json,aase2,5cd34594765a8f7e2ff3cec78b68a18fa2346d352c0389eef389a273bc6d89f9,395,2026-01-04 00:55,copy,aase 2 is a superset of aase-vllm-0.1.1
aase_vllm/pretrained/apc/medical/meta_llama_Llama_3.1_8B_Instruct.npy,aase 2/pretrained/apc/medical/meta_llama_Llama_3.1_8B_Instruct.npy,aase2,f06aa3508a8eb29acfbbdaad6bacc07d9a1b6e1884c3d9d2bc0132a42a7aa18d,16512,2026-01-04 00:55,copy,aase 2 is a superset of aase-vllm-0.1.1
aase_vllm/pretrained/apc/medical/meta_llama_Llama_3.2_1B_Instruct.json,aase 2/pretrained/apc/medical/meta_llama_Llama_3.2_1B_Instruct.json,aase2,2213da5c5fac0519de75a683cd54fbfddee2e868a26a4e6ead52f1815df28931,392,2026-01-04 00:55,copy,aase 2 is a superset of aase-vllm-0.1.1
aase_vllm/pretrained/apc/medical/meta_llama_Llama_3.2_1B_Instruct.npy,aase 2/pretrained/apc/medical/meta_llama_Llama_3.2_1B_Instruct.npy,aase2,6a5737556097d3c9e743b87fd0794b0adf82073ce00c01629d84d65ed05be6ab,8320,2026-01-04 00:55,copy,aase 2 is a superset of aase-vllm-0.1.1
aase_vllm/pretrained/apc/medical/meta_llama_Llama_3.2_3B_Instruct.json,aase 2/pretrained/apc/medical/meta_llama_Llama_3.2_3B_Instruct.json,aase2,5947f1cf095cc1b18966a2638b87994b2a2283e0f3a4da55257135fdf40a8f01,392,2026-01-04 00:55,copy,aase 2 is a superset of aase-vllm-0.1.1
aase_vllm/pretrained/apc/medical/meta_llama_Llama_3.2_3B_Instruct.npy,aase 2/pretrained/apc/medical/meta_llama_Llama_3.2_3B_Instruct.npy,aase2,a5c958436507eb420b992b119f30062154483f59b525af3368fbd7b300010bec,12416,2026-01-04 00:55,copy,aase 2 is a superset of aase-vllm-0.1.1
archive/synthetic/roc_curves_vllm_SYNTHETIC.pdf,aase 2/roc_curves_vllm.pdf,aase2,7442cd67e256dcf0ec5269f389cdd343481508dd4d4589e319246ff49c0eb618,21145,2026-01-04 14:15,copy,"aase 2 is a superset of aase-vllm-0.1.1; QUARANTINED 2026-09-02 (synthetic scores, see archive/synthetic/README.md); was aase_vllm/roc_curves_vllm.pdf"
archive/synthetic/roc_curves_vllm_SYNTHETIC.png,aase 2/roc_curves_vllm.png,aase2,9495c5ad8d55ce0d73a1ca057b6a30697972f9c36e843b81a6efaa151be134f7,221697,2026-01-04 14:16,copy,"aase 2 is a superset of aase-vllm-0.1.1; QUARANTINED 2026-09-02 (synthetic scores, see archive/synthetic/README.md); was aase_vllm/roc_curves_vllm.png"
archive/synthetic/roc_curves_vllm_data_SYNTHETIC.json,aase 2/roc_curves_vllm_data.json,aase2,a513b092a31e0dee8ebd73c8b4b0e1b58db5dee89c7bc2629e2e3ecfb50914df,89024,2026-01-04 14:16,copy,"aase 2 is a superset of aase-vllm-0.1.1; QUARANTINED 2026-09-02 (synthetic scores, see archive/synthetic/README.md); was aase_vllm/roc_curves_vllm_data.json"
aase_vllm/scripts/__init__.py,aase 2/scripts/__init__.py,aase2,e3b0c44298fc1c149afbf4c8996fb92427ae41e4649b934ca495991b7852b855,0,2026-01-03 18:37,copy,aase 2 is a superset of aase-vllm-0.1.1
aase_vllm/scripts/benchmark_vllm.py,aase 2/scripts/benchmark_vllm.py,aase2,e2b33bc3be40a1754b5ba1ccbe8bc7cb4daee02d153625a1b9e6216424ee5dc7,23909,2026-01-03 23:34,copy,aase 2 is a superset of aase-vllm-0.1.1
aase_vllm/scripts/compare_llama_guard_vllm.py,aase 2/scripts/compare_llama_guard_vllm.py,aase2,17d028f045b50fea316c065b890268c019372f7da2099086b90e88c292c2410c,9553,2026-01-03 23:46,copy,aase 2 is a superset of aase-vllm-0.1.1
archive/synthetic/generate_roc_curves_vllm_SYNTHETIC.py,aase 2/scripts/generate_roc_curves_vllm.py,aase2,36947def8364b887e7007ddb463d588746fa6ef6190c00d6fbd432da50289bd5,19814,2026-01-04 14:10,copy,"aase 2 is a superset of aase-vllm-0.1.1; QUARANTINED 2026-09-02 (synthetic scores, see archive/synthetic/README.md); was aase_vllm/scripts/generate_roc_curves_vllm.py"
aase_vllm/scripts/test_vllm_hooks.py,aase 2/scripts/test_vllm_hooks.py,aase2,51cb178363c9e4c7cc4d03a7cd0f980ee50a86cf1a5014945efe39c982b79897,8677,2026-01-03 18:51,copy,aase 2 is a superset of aase-vllm-0.1.1
aase_vllm/scripts/train_probes_vllm.py,aase 2/scripts/train_probes_vllm.py,aase2,c81b0657c7461992d8539e67fa72c74242680d764441daaeb4bb7cc1f39a0239,29074,2026-01-04 00:29,copy,aase 2 is a superset of aase-vllm-0.1.1
aase_vllm/scripts/tune_thresholds_vllm.py,aase 2/scripts/tune_thresholds_vllm.py,aase2,ebca4a4da95cd3cf9f35a087f6f89378bbc0c45e2c1651bcff7b786457f58f22,9501,2026-01-03 23:46,copy,aase 2 is a superset of aase-vllm-0.1.1
aase_vllm/setup.py,aase-vllm-0.1.1/setup.py,vllm011,3a2041e59c44ee412d10854fa701ba3e728ce80056d09213a28945b1c39f5d0f,1434,2026-01-04 14:29,copy,"version=0.1.1, only diff vs aase 2/setup.py is the version line; later mtime"
paper-src/final/aase_revised.tex,AASE PeerJ Response/aase_revised.tex,pass2:peerj-response,a24414c077b3821833dccb79053e33393469beaba36ced58cfec0dc680da230a,48570,2026-04-17 09:04,copy,latest revision (2026-04-17); differs from 04-08 copy only in the AI-use statement
paper-src/final/aase_revised.pdf,AASE PeerJ Response/aase_revised.pdf,pass2:peerj-response,07ff5ab9432499a589ede0b4b6197af929ceaeaebf376d03aba2162953d29422,368801,2026-04-17 09:04,copy,compiled PDF of the final revision
paper-src/final/AASE_AI_Code_Supplemental.pdf,AASE PeerJ Response/AASE_AI_Code_Supplemental.pdf,pass2:peerj-response,22db5e4222b90575a03de6e01f9632aaee55aa67086876450eaecce96097ad34,86990,2026-04-17 09:05,copy,supplemental (Google Docs export)
paper-src/final/aase_revised.tex.zip,AASE PeerJ Response/aase_revised.tex.zip,pass2:peerj-response,025ea46f7a327963388516336a1d3cd4644c4a9c9014698ab9ee972e516dfd45,16758,2026-04-28 11:39,copy,zip of the same tex (kept as submitted artefact)
paper-src/final/aase.bib,AASE PeerJ CS Response/aase.bib,pass2:peerj-cs-response,4d56da0bbb4dbf91ada94ab9e5dafe8a54793428a9d007ef8720a7ee02943c36,5285,2026-04-08 06:11,copy,bib shipped with the 04-08 response bundle (tex uses embedded thebibliography)
paper-src/final/figure1_layer_sweeps.pdf,AASE FOR PEERJ CS/figure1_layer_sweeps.pdf,pass2:aase-for-peerj-cs,bb7486dda639de069dbde38dbade1cb11bd9ffe41407470debae266892e97488,38824,2026-03-16 05:12,copy,figure bundle whose hashes match the includegraphics targets
paper-src/final/figure3_latency.pdf,AASE FOR PEERJ CS/figure3_latency.pdf,pass2:aase-for-peerj-cs,dfa8bf3e470813783de4403f10efabcbfc8ea31c3be910cfaa833eb8c532af15,33129,2026-03-16 05:12,copy,figure bundle whose hashes match the includegraphics targets
paper-src/final/code-supplement/README.md,AASE PeerJ CS Response/README.md,pass2:peerj-cs-response,ad3d1c1230a62ac8fb952f1a9c26f66b48caf6e854b3e7474cfdef3e66f2082c,4709,2026-04-08 16:09,copy,code+data supplement accompanying the 04-08 response
paper-src/final/code-supplement/LICENSE,AASE PeerJ CS Response/LICENSE,pass2:peerj-cs-response,2c0863b98a308864899d907e4fc4328ab28d99db0f72bbfad6c5ce24bff00f07,6118,2026-04-08 06:11,copy,code+data supplement accompanying the 04-08 response
paper-src/final/code-supplement/requirements.txt,AASE PeerJ CS Response/requirements.txt,pass2:peerj-cs-response,7282924e1e74080dee1146f7a3064cfa00319658fd6d6f07eb41052c7b3aeacd,82,2026-04-08 06:11,copy,code+data supplement accompanying the 04-08 response
paper-src/final/code-supplement/probe_training.py,AASE PeerJ CS Response/probe_training.py,pass2:peerj-cs-response,a29ec4adb8bee189eda4e2b82214dcf43f9d16279c80d536e223d015ee4b5424,5456,2026-04-08 06:11,copy,code+data supplement accompanying the 04-08 response
paper-src/final/code-supplement/vllm_integration.py,AASE PeerJ CS Response/vllm_integration.py,pass2:peerj-cs-response,399032b0ad7c92b2a5990ec5867bc36b6d5c985189579a9fbdbbf40101083272,4660,2026-04-08 06:11,copy,code+data supplement accompanying the 04-08 response
paper-src/final/code-supplement/datasets/aag_training_data.json,AASE PeerJ CS Response/datasets/aag_training_data.json,pass2:peerj-cs-response,f731a5b98e681b35f680e06e0c27ebc3e82fadfa6105c5fcdf3dbab379b6f2fe,3378,2026-04-08 06:11,copy,code+data supplement accompanying the 04-08 response
paper-src/final/code-supplement/datasets/af_training_data.json,AASE PeerJ CS Response/datasets/af_training_data.json,pass2:peerj-cs-response,6ed8f63a7b1286f42936e51e3862ee71922381f1600ecdfae1b536c17ae38093,1926,2026-04-08 06:11,copy,code+data supplement accompanying the 04-08 response
paper-src/final/code-supplement/datasets/apc_training_data.json,AASE PeerJ CS Response/datasets/apc_training_data.json,pass2:peerj-cs-response,1244d43a78408b1fd569b8e80ca0aff6101a7a328ee3041bee5b6acc6a456cd0,5675,2026-04-08 06:11,copy,code+data supplement accompanying the 04-08 response
paper-src/revisions/2026-04-08_1609__aase_revised.tex,AASE PeerJ CS Response/aase_revised.tex,pass2:peerj-cs-response,3f1e8b02d3621f45fcc348b0c3aa2dd50f830910091bdc5397abd338657f2d53,48065,2026-04-08 16:09,copy,"AASE-lineage tex, date-stamped from source mtime"
paper-src/revisions/2026-03-24_2131__aase_revised.tex,aase_revised.tex,pass2:root,f01b10a08555b8676fcc147f4c00f6205d4f633d0007875b54ff159f2ded5c4b,48006,2026-03-24 21:31,copy,"AASE-lineage tex, date-stamped from source mtime"
paper-src/revisions/2026-03-24_1131__aase_peerj.tex,aase_peerj.tex,pass2:root,ab0dbf8f6efe9902902e76cd0500165f0989d193d83858b0d82fb926a3b80594,47646,2026-03-24 11:31,copy,"AASE-lineage tex, date-stamped from source mtime"
paper-src/revisions/2026-03-15_2317__aase_paper_mdpi_v0.2.tex,aase_paper_mdpi_v0.2.tex,pass2:root,d67c2582b58b05ec2fc34981fa71a092610350d440cc1895675d436ee1b7083c,46892,2026-03-15 23:17,copy,"AASE-lineage tex, date-stamped from source mtime"
paper-src/revisions/2026-03-16_0512__aase_paper_mdpi_v0.32_crap.tex,files (32)/aase_paper_mdpi_v0.32 crap.tex,pass2:files32,a01712a18ee451f04d255ea327637678b344b87e9512c44087643ee731832ab3,40165,2026-03-16 05:12,copy,"AASE-lineage tex, date-stamped from source mtime"
paper-src/revisions/2026-02-10_0959__activation_safety_paper_v0.31.tex,activation_safety_paper_v0.31.tex,pass2:root,fb315e3677e52a020f52cb3145ec720018022092adf193d12a3f1327dfab9c5c,49938,2026-02-10 09:59,copy,"AASE-lineage tex, date-stamped from source mtime"
paper-src/revisions/2026-01-28_2121__activation_safety_paper_v0.30.tex,activation_safety_paper_v0.30.tex,pass2:root,695959a680f2e033a2e1be58073c0d97919b827bd74a1b58025e406eb56aac8e,49785,2026-01-28 21:21,copy,"AASE-lineage tex, date-stamped from source mtime"
paper-src/revisions/2026-01-28_0906__activation_safety_paper_v0.29.tex,activation_safety_paper_v0.29.tex,pass2:root,d66b04fa523050349044220349558ec475273354633a6ea5ae4c680970470b8a,49445,2026-01-28 09:06,copy,"AASE-lineage tex, date-stamped from source mtime"
paper-src/revisions/2026-01-28_0903__activation_safety_paper_v0.28.tex,activation_safety_paper_v0.28.tex,pass2:root,67c6a0385bb7ab9a82d2ae14a362dd38a0f7352185afd47497365c375ae460ce,49357,2026-01-28 09:03,copy,"AASE-lineage tex, date-stamped from source mtime"
paper-src/revisions/2026-01-23_2015__activation_safety_paper_revised.tex,activation safety paper/activation_safety_paper_revised.tex,pass2:activation-safety-paper,c20214e9a86e58879ba2aaaf56f6b0b5bd9db11deb022b3827efb7d501f9139e,42337,2026-01-23 20:15,copy,"AASE-lineage tex, date-stamped from source mtime"
paper-src/revisions/2026-01-23_0512__activation_safety_paper_revised.tex,files (20)/activation_safety_paper_revised.tex,pass2:files20,c29f92ab32b71e5b2c767aa034d2efef3d28616fb1de1c115b3cdc7709e783dd,46531,2026-01-23 05:12,copy,"AASE-lineage tex, date-stamped from source mtime"
paper-src/revisions/2026-01-23_0512__aase_workshop_paper.tex,files (20)/aase_workshop_paper.tex,pass2:files20,e16bad6d1e474610a10d43ac08a94e43501b511af2c534140f04ceb4a73a4bdf,10561,2026-01-23 05:12,copy,"AASE-lineage tex, date-stamped from source mtime"
paper-src/revisions/2026-01-22_2118__activation_safety_paper_revised.tex,activation_safety_paper_revised.tex,pass2:root,708bc367044cf1b3ee4e0c36193842cb8d93290c302f94ee6296d3e8f589f011,42316,2026-01-22 21:18,copy,"AASE-lineage tex, date-stamped from source mtime"
paper-src/revisions/2026-01-20_2210__activation_safety_paper.tex,aase_paper_bundle/activation_safety_paper.tex,pass2:aase_paper_bundle,f94805215e5b126bd8142aaa7e5e36060ef4ac0923816768c94ae3a7b395c040,43851,2026-01-20 22:10,copy,"AASE-lineage tex, date-stamped from source mtime"
paper-src/revisions/2026-01-04_0044__activation_safety_paper_(6).tex,activation_safety_paper (6).tex,pass2:root,96cbea226b341600043ffe0d45c629643fd3deed724787c1f8a19aa5a4920647,37783,2026-01-04 00:44,copy,"AASE-lineage tex, date-stamped from source mtime"
paper-src/revisions/2026-01-02_1909__activation_safety_paper.tex,files (10)/activation_safety_paper.tex,pass2:files10,4e67ad8eebae13c027aa4452dcc3f29a3e8d03413d3163acce953ad45c59ffbe,33307,2026-01-02 19:09,copy,"AASE-lineage tex, date-stamped from source mtime"
paper-src/revisions/2026-01-01_1917__activation_safety_paper_(5).tex,activation_safety_paper (5).tex,pass2:root,6e709d81205a654a7e8b4618d4790fbd488a5ec1fb288707732e5385072f98b5,31753,2026-01-01 19:17,copy,"AASE-lineage tex, date-stamped from source mtime"
paper-src/revisions/2026-01-01_1839__activation_safety_paper_(4).tex,activation_safety_paper (4).tex,pass2:root,af3c308be6606bea3663e88f6e62ea7d7029eb1da458122d279a584c8f65b21c,30569,2026-01-01 18:39,copy,"AASE-lineage tex, date-stamped from source mtime"
paper-src/revisions/2026-01-01_1819__activation_safety_paper_(3).tex,activation_safety_paper (3).tex,pass2:root,fdfb528db72d7aefb027fc485704e30f1f3e58429a2bd0e9414e551ca4ccacd8,29873,2026-01-01 18:19,copy,"AASE-lineage tex, date-stamped from source mtime"
paper-src/revisions/2026-01-01_1501__activation_safety_paper_(2).tex,activation_safety_paper (2).tex,pass2:root,83249ca39b48cc193ef40d322502e020e5e528e17e186c9153ed8c23de00ab35,29946,2026-01-01 15:01,copy,"AASE-lineage tex, date-stamped from source mtime"
paper-src/revisions/2026-01-01_1431__activation_safety_paper_(1).tex,activation_safety_paper (1).tex,pass2:root,7f6a45f48a6dd7b3852eb52e991e91f742de3bc9990d926998703fb8b679ffc0,29946,2026-01-01 14:31,copy,"AASE-lineage tex, date-stamped from source mtime"
paper-src/revisions/2026-01-01_1423__activation_safety_paper.tex,activation_safety_paper.tex,pass2:root,53bdb2820153820877e14510c541cfdb33082bd16bbb038926df96afb62884d1,28069,2026-01-01 14:23,copy,"AASE-lineage tex, date-stamped from source mtime"
paper-src/revisions/2026-01-01_1344__cognitive_depth_paper.tex,cognitive_depth_paper.tex,pass2:root,1c36e2d0050306f9469c1074bb738235adaaf52522affe8c6e9934c2084ee5ce,25255,2026-01-01 13:44,copy,"AASE-lineage tex, date-stamped from source mtime"
paper-src/revisions/2026-01-02_0829__AHD_Paper_v2.tex,AHD_Paper_v2.tex,pass2:root,2400d597ed4b1de67d8a825e6963f8f82a8d67e0065c2e2fd7d24b9f9d93d8ef,15852,2026-01-02 08:29,copy,"AASE-lineage tex, date-stamped from source mtime"
paper-src/revisions/2026-01-01_1958__ahd_paper.tex,ahd_package/ahd_paper.tex,pass2:ahd_package,92fb87becd10800be70ffae061719cc13121dcf3dd6fdbef46fec8486bbe6424,18659,2026-01-01 19:58,copy,"AASE-lineage tex, date-stamped from source mtime"
paper-src/figures/2026-01-01_1328__cognitive_depth_figure.png,paper/cognitive_depth_figure.png,pass2:figures,a41eb0c0cceb946b6d9a3300e7e422573f171948d86cf43070fca13fd502a6ab,741885,2026-01-01 13:28,copy,"figure variant, date-stamped; identical copies elsewhere skipped"
paper-src/figures/2026-01-01_1328__cognitive_depth_figure.pdf,paper/cognitive_depth_figure.pdf,pass2:figures,e0319c7b72eaa129fec3767e77cd3d4669738d20a6cfa6c513834ff0ad9aee3d,56474,2026-01-01 13:28,copy,"figure variant, date-stamped; identical copies elsewhere skipped"
paper-src/figures/2026-01-01_1328__cognitive_depth_auc.png,paper/cognitive_depth_auc.png,pass2:figures,68a88bc950cd8fed2d29f89f6a93e46febb185ac596186e44b3d811b775cb933,571097,2026-01-01 13:28,copy,"figure variant, date-stamped; identical copies elsewhere skipped"
paper-src/figures/2026-01-01_1917__figure1_layer_sweeps.pdf,figure1_layer_sweeps.pdf,pass2:figures,c5b5e6163936a3684cbbb9aabd768ae6ef43673d80a323b2d1cb8bd870be8e42,43658,2026-01-01 19:17,copy,"figure variant, date-stamped; identical copies elsewhere skipped"
paper-src/figures/2026-01-01_1917__figure2_ahd_scale.pdf,figure2_ahd_scale.pdf,pass2:figures,5b9aa8e111aaf6d7057172fa0a01fd6546dbe38e49cd374b5e19db6a2758f9f8,32185,2026-01-01 19:17,copy,"figure variant, date-stamped; identical copies elsewhere skipped"
paper-src/figures/2026-01-01_1917__figure3_latency.pdf,figure3_latency.pdf,pass2:figures,524ace342d5105dbd44db3945c285b93ea48d3c1da68b809ea13483551cd5122,27788,2026-01-01 19:17,copy,"figure variant, date-stamped; identical copies elsewhere skipped"
paper-src/figures/2026-01-02_0839__fig1_layer_sweep.png,fig1_layer_sweep.png,pass2:figures,f78282d597ec81dbc489287ef16a15d9eafb4d14a0c1877da1434ee05d05af0c,296505,2026-01-02 08:39,copy,"figure variant, date-stamped; identical copies elsewhere skipped"
paper-src/figures/2026-01-02_0839__fig2_score_distributions.png,fig2_score_distributions.png,pass2:figures,108f5286b35e494faf1d8bf7e9d86c3764dff90e074485006a6ff3fb08bab412,164361,2026-01-02 08:39,copy,"figure variant, date-stamped; identical copies elsewhere skipped"
paper-src/figures/2026-01-02_0839__fig3_auc_comparison.png,fig3_auc_comparison.png,pass2:figures,ead179601c779a04284b74554910e8d02522431e1ff8c2727a9569130757774e,118947,2026-01-02 08:39,copy,"figure variant, date-stamped; identical copies elsewhere skipped"
paper-src/figures/2026-01-02_0839__fig4_architecture.png,fig4_architecture.png,pass2:figures,d748e0d5ba2c096ff7d2c9467b9f1c1e71696e6120b9bcb1adc5c0af3e0b52d4,142913,2026-01-02 08:39,copy,"figure variant, date-stamped; identical copies elsewhere skipped"
paper-src/figures/2026-01-02_1742__fig2_score_distributions.png,files (8)/fig2_score_distributions.png,pass2:figures,8e31d014645cd97a3f55dd4513501d98976bec83375762d22cd097581f092122,193629,2026-01-02 17:42,copy,"figure variant, date-stamped; identical copies elsewhere skipped"
paper-src/figures/2026-01-02_1742__fig4_architecture.png,files (8)/fig4_architecture.png,pass2:figures,909bf2ae7efb49e30ae3d4371663b8a3b17310060f6dae4e63421e657c2db816,148361,2026-01-02 17:42,copy,"figure variant, date-stamped; identical copies elsewhere skipped"
paper-src/figures/2026-01-02_1742__fig3_auc_comparison.png,files (8)/fig3_auc_comparison.png,pass2:figures,115c176018dfc7320d6fc6c467c2ba0016dd545da28be9ddb865e2f098fccd09,249211,2026-01-02 17:42,copy,"figure variant, date-stamped; identical copies elsewhere skipped"
paper-src/figures/2026-01-02_1919__figure3_latency.pdf,files (11)/figure3_latency.pdf,pass2:figures,2b4cf16f844c872128e22aa31e08bb232e8f1e48be39e27ac05075ba3b6ad4e3,27846,2026-01-02 19:19,copy,"figure variant, date-stamped; identical copies elsewhere skipped"
paper-src/figures/2026-01-07_1848__fig3-layer-sweep.svg,fig3-layer-sweep.svg,pass2:figures,6cab66838a0bb76541cd178e6037ee306383ccdc67c9e3d6f7b5efa61e4da14c,5703,2026-01-07 18:48,copy,"figure variant, date-stamped; identical copies elsewhere skipped"
paper-src/figures/2026-01-20_2206__figure1_layer_sweeps.pdf,figure1_layer_sweeps (1).pdf,pass2:figures,65d52c891a0173fa9c0bac6a43212a09b6c1696c7c5781997d3e3247c60dc203,43658,2026-01-20 22:06,copy,"figure variant, date-stamped; identical copies elsewhere skipped"
paper-src/figures/2026-01-20_2206__figure2_ahd_scale.pdf,figure2_ahd_scale (1).pdf,pass2:figures,002e71aa28ed941df693c2832910d7684e8bad40cd06ca581044ed798eee0fa8,32185,2026-01-20 22:06,copy,"figure variant, date-stamped; identical copies elsewhere skipped"
paper-src/figures/2026-01-22_2133__figure1_layer_sweeps.pdf,figure1_layer_sweeps (2).pdf,pass2:figures,adb040cd8793c76023fcb7be21b7a5705d19b123892c2a6fc67ad7b7b5e27b87,28503,2026-01-22 21:33,copy,"figure variant, date-stamped; identical copies elsewhere skipped"
paper-src/figures/2026-01-22_2138__figure1_layer_sweeps.png,figure1_layer_sweeps.png,pass2:figures,370846d0307418a6e7e06b551f10c056349384f7f67643e1762c15d8afbbaa6e,194922,2026-01-22 21:38,copy,"figure variant, date-stamped; identical copies elsewhere skipped"
paper-src/pdfs/2026-01-02_1909__activation_safety_paper.pdf,files (10)/activation_safety_paper.pdf,pass2:pdfs,bfeadc46d4a353c4cdc14edcb2f4b55e584aa70a6d526574948475be90488608,343708,2026-01-02 19:09,copy,compiled/exported paper artefact
paper-src/pdfs/2026-01-02_1919__activation_safety_paper.pdf,files (11)/activation_safety_paper.pdf,pass2:pdfs,27e36da4564098cf0ba79f9bb80b1586a7c439a017cb548228c7dd436e212528,343684,2026-01-02 19:19,copy,compiled/exported paper artefact
paper-src/pdfs/2026-01-20_2210__activation_safety_paper.pdf,aase_paper_bundle/activation_safety_paper.pdf,pass2:pdfs,0fdf31d33391f1bbebf3cbf4dba5ed03708987aa2844f233c30d4055b5c7b718,383786,2026-01-20 22:10,copy,compiled/exported paper artefact
paper-src/pdfs/2026-01-02_1742__AHD_Paper_Final.pdf,files (8)/AHD_Paper_Final.pdf,pass2:pdfs,e3ef3761dd2d2af94b5025e82fcc0402daa05dab0fdeb7031e43784641d36eea,981584,2026-01-02 17:42,copy,compiled/exported paper artefact
paper-src/pdfs/2026-01-01_1958__ahd_paper.pdf,ahd_package/ahd_paper.pdf,pass2:pdfs,8af0ba378602d30b12a508f565ecc3c1ef6fa066cec970a763e11a6f06afff2b,252284,2026-01-01 19:58,copy,compiled/exported paper artefact
paper-src/pdfs/2026-03-16_0512__aase_paper_mdpi_v0.32_crap.pdf,files (32)/aase_paper_mdpi_v0.32 crap.pdf,pass2:pdfs,29833c835fd32cfe79ed5da979c6663efd2670b9ffe95c4780958aab8fab90e0,342268,2026-03-16 05:12,copy,compiled/exported paper artefact
paper-src/pdfs/2026-04-08_1609__aase_revised.pdf,AASE PeerJ CS Response/aase_revised.pdf,pass2:pdfs,89afb4344d32f52e59ec51df56642668155dd1467b7a162d3358370dc646f64d,368242,2026-04-08 16:09,copy,compiled/exported paper artefact
paper-src/pdfs/2026-01-23_0512__aase_vllm_prd.docx,files (20)/aase_vllm_prd.docx,pass2:pdfs,b67f49d8dab208e35a87fad06a6b199c7befd2a1a1e06f56ae8de03e64e8c1e6,14402,2026-01-23 05:12,copy,compiled/exported paper artefact
paper-src/pdfs/2026-01-23_0512__DELIVERABLES_README.md,files (20)/DELIVERABLES_README.md,pass2:pdfs,4848a2a87a79f9ca3e03af7aa51ca8a4ed5771bfd725c181b50f7162b8152a82,5463,2026-01-23 05:12,copy,compiled/exported paper artefact
paper-src/ahd_package/README.md,ahd_package/README.md,pass2:ahd_package,dafb46df25b57c6f56771220217229513d878099279c9a03c712f5efbba90b10,2451,2026-01-01 19:58,copy,AHD paper code bundle
paper-src/ahd_package/run_validation.py,ahd_package/run_validation.py,pass2:ahd_package,781d690ee8d60633554dda11168b3528ea436d0c7e2d3977929116038094a68c,24397,2026-01-01 19:58,copy,AHD paper code bundle
experiments/paper-scripts/af_layer_sweep.py,paper/af_layer_sweep.py,pass2:paper,7f701fa67a6f9e1eb196f5dabac0db1cf638d3352de3ce17e11103b0688d98e3,16589,2026-01-01 12:53,copy,paper-ready experiment scripts and sweep results (2026-01-01)
experiments/paper-scripts/ahd_layer_sweep_v2.py,paper/ahd_layer_sweep_v2.py,pass2:paper,188eaaa4d65175afa74410d7a2e3ff478f42258bec147b15990697d707bc204f,13854,2026-01-01 12:52,copy,paper-ready experiment scripts and sweep results (2026-01-01)
experiments/paper-scripts/apc_layer_sweep.py,paper/apc_layer_sweep.py,pass2:paper,dcaecf3a93ce0e460e4de8b09ad22c77871ab825fd1370e1c203b8eec396ea80,19793,2026-01-01 12:51,copy,paper-ready experiment scripts and sweep results (2026-01-01)
experiments/paper-scripts/cognitive_depth_figure.py,paper/cognitive_depth_figure.py,pass2:paper,77c238d60a2e5a0c21ec1afda24ed7110e3504895f4c9e8461650959fbe6f569,13873,2026-01-01 13:28,copy,paper-ready experiment scripts and sweep results (2026-01-01)
experiments/paper-scripts/quantization/aag_quantization_test.py,paper/quantization/aag_quantization_test.py,pass2:paper,7159ff9e7a9b4e4c715792353b8443533b529bd5e6c73f3cfdb4cb02166a8245,24322,2026-01-01 13:29,copy,paper-ready experiment scripts and sweep results (2026-01-01)
experiments/paper-scripts/quantization/af_quantization_test.py,paper/quantization/af_quantization_test.py,pass2:paper,f3facb86cc296c1392a235915a472d5ccbb76e2bfeccd75d5f5aa872d658cec9,21642,2026-01-01 13:29,copy,paper-ready experiment scripts and sweep results (2026-01-01)
experiments/paper-scripts/quantization/ahd_quantization_test.py,paper/quantization/ahd_quantization_test.py,pass2:paper,8d0d130b164d02b5fe8bcc6a37ede754dcd5f6a908e947edff69c9dd604839da,18960,2026-01-01 13:32,copy,paper-ready experiment scripts and sweep results (2026-01-01)
experiments/paper-scripts/quantization/apc_quantization_test.py,paper/quantization/apc_quantization_test.py,pass2:paper,aae97f9e4cb90efd9414dfdcab3727f25df2d6769561a6ceee47207665658bf1,21926,2026-01-01 13:30,copy,paper-ready experiment scripts and sweep results (2026-01-01)
experiments/paper-scripts/llama/aag_layer_sweep_llama.py,paper/llama/aag_layer_sweep_llama.py,pass2:paper,f078b2c596d93792d8c7d70a149df561e2e3e13b636ba2f392178df10f1611fb,28111,2026-01-01 14:01,copy,paper-ready experiment scripts and sweep results (2026-01-01)
experiments/paper-scripts/llama/af_layer_sweep_llama.py,paper/llama/af_layer_sweep_llama.py,pass2:paper,d237f70625d42c030dee69e894815bc66bfdc8288427784c24c4b4f2f0de17ab,23889,2026-01-01 14:01,copy,paper-ready experiment scripts and sweep results (2026-01-01)
experiments/paper-scripts/llama/ahd_layer_sweep_llama.py,paper/llama/ahd_layer_sweep_llama.py,pass2:paper,24888b788d3bcd7b61976147277ae3e6eb7e1c6c7e377ccd853a2bee1f68eee7,17619,2026-01-01 14:02,copy,paper-ready experiment scripts and sweep results (2026-01-01)
experiments/paper-scripts/round_2/aag_layer_sweep_methodology.py,paper/round_2/aag_layer_sweep_methodology.py,pass2:paper,efb54a10f69c5d478d7058df4d7751b281d92f5b737b6e1637e294d9d7a0f630,28640,2026-01-01 13:10,copy,paper-ready experiment scripts and sweep results (2026-01-01)
experiments/paper-scripts/round_2/aag_layer_sweep_results.json,paper/round_2/aag_layer_sweep_results.json,pass2:paper,3bf36614af41d909b6e83ca98944aff60b27af452202f0161ab32cd4c0e0f8f7,4484,2026-01-01 13:12,copy,paper-ready experiment scripts and sweep results (2026-01-01)
experiments/paper-scripts/round_2/af_layer_sweep.py,paper/round_2/af_layer_sweep.py,pass2:paper,fc5e7d9f92150d1ef93a0fd32335622be975587a7485936912ff20116c4c89da,28878,2026-01-01 13:07,copy,paper-ready experiment scripts and sweep results (2026-01-01)
experiments/paper-scripts/round_2/af_layer_sweep_results.csv,paper/round_2/af_layer_sweep_results.csv,pass2:paper,f727513451940eaabcea5c3c633341ae958195de7faeb30e0580ee9708f81b38,980,2026-01-01 13:08,copy,paper-ready experiment scripts and sweep results (2026-01-01)
experiments/paper-scripts/round_2/ahd_layer_sweep_v3.py,paper/round_2/ahd_layer_sweep_v3.py,pass2:paper,469a2d22846344384ae038f2cce678b949b00c8a16f92593f1603917b20c53a8,17922,2026-01-01 13:13,copy,paper-ready experiment scripts and sweep results (2026-01-01)
experiments/paper-scripts/round_2/apc_layer_sweep.py,paper/round_2/apc_layer_sweep.py,pass2:paper,683e7572e725dc16d13fd21157ecf694e4a345afdf3ad6a70d4d57ea3ea588be,23848,2026-01-01 13:11,copy,paper-ready experiment scripts and sweep results (2026-01-01)
experiments/paper-scripts/round_2/apc_layer_sweep_results.csv,paper/round_2/apc_layer_sweep_results.csv,pass2:paper,95a8cd68878ad4422b488f6fba14a3b224636e3af5a0f2dc952e112f3a4e4edd,1490,2026-01-01 13:16,copy,paper-ready experiment scripts and sweep results (2026-01-01)
experiments/consolidated-data/aase_unified_context_prompt (1).md,AASE Conolidated Data/aase_unified_context_prompt (1).md,pass2:consolidated-data,6a2b59b83e5d5756c74a2e44fff7421a1e83deea2c47ef72111656354974a220,9206,2026-01-28 07:48,copy,context prompt
experiments/consolidated-data/aase_unified_context_prompt (2).md,AASE Conolidated Data/aase_unified_context_prompt (2).md,pass2:consolidated-data,168e2b2bc46979f9fa4bb43d953fea0f85634b4a41d7b0f06feee90b340476b6,8867,2026-01-28 08:34,copy,context prompt
experiments/consolidated-data/aase_unified/README.md,[zip]AASE_Conolidated_Data_aase_unified_package/aase_unified/README.md,pass2:consolidated-data,94f7749f111ae92621a824b3440503b89bfd008cfac52ece2ac2c6b9e5561677,7724,2026-01-28 08:28,copy,extracted from aase_unified_package.zip
experiments/consolidated-data/aase_unified/apc/APC_README.md,[zip]AASE_Conolidated_Data_aase_unified_package/aase_unified/apc/APC_README.md,pass2:consolidated-data,b2493879577c479568cf0c3bcaf7cc95fbc40f257ed49090e4e727524620cb83,3497,2026-01-28 08:25,copy,extracted from aase_unified_package.zip
experiments/consolidated-data/aase_unified/apc/apc_layer_sweep_llama.py,[zip]AASE_Conolidated_Data_aase_unified_package/aase_unified/apc/apc_layer_sweep_llama.py,pass2:consolidated-data,b9c3b04f785adab9ea79ae64eba6e6b7978cafa9ab1c6c03435371255ee25913,15513,2026-01-28 08:25,copy,extracted from aase_unified_package.zip
experiments/consolidated-data/aase_unified/apc/apc_layer_sweep_llama_results.csv,[zip]AASE_Conolidated_Data_aase_unified_package/aase_unified/apc/apc_layer_sweep_llama_results.csv,pass2:consolidated-data,dc52794eef8d19f51af54498a3f39cc523a81b11125ac81bf0f3dc4196ae3185,1724,2026-01-28 08:25,copy,extracted from aase_unified_package.zip
experiments/consolidated-data/aase_unified/apc/apc_layer_sweep_results.csv,[zip]AASE_Conolidated_Data_aase_unified_package/aase_unified/apc/apc_layer_sweep_results.csv,pass2:consolidated-data,c2ac53180b9be3c4622d5566f6d45e3df5737efe8a7e15e161dd7fce25cbd6f1,1489,2026-01-28 08:25,copy,extracted from aase_unified_package.zip
experiments/consolidated-data/aase_unified/apc/apc_quantization_results.json,[zip]AASE_Conolidated_Data_aase_unified_package/aase_unified/apc/apc_quantization_results.json,pass2:consolidated-data,3624fa89bcd801a600e01566e389f20dbd750d038514dba87dd449f9b9256700,1622,2026-01-28 08:25,copy,extracted from aase_unified_package.zip
experiments/consolidated-data/aase_unified/apc/apc_quantization_test.py,[zip]AASE_Conolidated_Data_aase_unified_package/aase_unified/apc/apc_quantization_test.py,pass2:consolidated-data,de856a7b69ee57d247f8a8a5ac51cbd9d82c6c5f0ae8f066da2b24aaa84668e1,13266,2026-01-28 08:25,copy,extracted from aase_unified_package.zip
experiments/consolidated-data/aase_unified/apc/apc_vllm_validation.py,[zip]AASE_Conolidated_Data_aase_unified_package/aase_unified/apc/apc_vllm_validation.py,pass2:consolidated-data,7a866836fdfa2b670e5883b58abad2ee0932b49b021263702e16a957abf2c81f,14317,2026-01-28 08:25,copy,extracted from aase_unified_package.zip
experiments/consolidated-data/aase_unified/apc/enterprise_policies_v3.json,[zip]AASE_Conolidated_Data_aase_unified_package/aase_unified/apc/enterprise_policies_v3.json,pass2:consolidated-data,e48e70bfcec60f209d307e16c257af74b8cbc7a2cc3b56b41642703428acbb52,3962,2026-01-28 08:25,copy,extracted from aase_unified_package.zip
experiments/consolidated-data/aase_unified/aag/03_aag_plugin_prototype.py,[zip]AASE_Conolidated_Data_aase_unified_package/aase_unified/aag/03_aag_plugin_prototype.py,pass2:consolidated-data,27ef83c1f2a90897bd617eef83ef762bb40649673237b7f153e4c3e4770755d3,7159,2026-01-28 08:15,copy,extracted from aase_unified_package.zip
experiments/consolidated-data/aase_unified/aag/04_full_aag_vllm_test.py,[zip]AASE_Conolidated_Data_aase_unified_package/aase_unified/aag/04_full_aag_vllm_test.py,pass2:consolidated-data,4423ba20499db05a32cc6dee2e48df62c579283430c5a64626141601aef8c9c3,9230,2026-01-28 08:15,copy,extracted from aase_unified_package.zip
experiments/consolidated-data/aase_unified/aag/09_test_hook_bf16_fix.py,[zip]AASE_Conolidated_Data_aase_unified_package/aase_unified/aag/09_test_hook_bf16_fix.py,pass2:consolidated-data,605b49a5ec054df83393b60a66a66eff5ae421efb400727b18df33a49227e77c,4687,2026-01-28 08:15,copy,extracted from aase_unified_package.zip
experiments/consolidated-data/aase_unified/aag/13_injecagent_benchmark.py,[zip]AASE_Conolidated_Data_aase_unified_package/aase_unified/aag/13_injecagent_benchmark.py,pass2:consolidated-data,fff4bb5b99a89525ba4e3d3051864485bcba89b3c8a1a4b50e50b037663f1f5e,15509,2026-01-28 08:15,copy,extracted from aase_unified_package.zip
experiments/consolidated-data/aase_unified/aag/16_balanced_validation.py,[zip]AASE_Conolidated_Data_aase_unified_package/aase_unified/aag/16_balanced_validation.py,pass2:consolidated-data,c18999dc1875c2efc9bc4c09928e6b936cd1c44d4e30ea2c9db98e3c793f6cf0,10293,2026-01-28 08:15,copy,extracted from aase_unified_package.zip
experiments/consolidated-data/aase_unified/aag/README.md,[zip]AASE_Conolidated_Data_aase_unified_package/aase_unified/aag/README.md,pass2:consolidated-data,aa1fb94d1cf28733658b7c2ceeb1e58b341e18051f98fa57304e42ef8aeb1399,5245,2026-01-28 08:15,copy,extracted from aase_unified_package.zip
experiments/consolidated-data/aase_unified/aag/aag_direction_vector_placeholder.npy,[zip]AASE_Conolidated_Data_aase_unified_package/aase_unified/aag/aag_direction_vector_placeholder.npy,pass2:consolidated-data,ca64e2e8362a34ab35d296eebc9d8729df11d14303ff7d04655d5a94723939d6,9344,2026-01-28 08:15,copy,extracted from aase_unified_package.zip
experiments/consolidated-data/aase_unified/aag/aag_training_data.json,[zip]AASE_Conolidated_Data_aase_unified_package/aase_unified/aag/aag_training_data.json,pass2:consolidated-data,1b07c70f1e9adfbcacec6478cd7d52269d65961bfc9d3cce4591f60cb4f92d5c,4363,2026-01-28 08:15,copy,extracted from aase_unified_package.zip
experiments/consolidated-data/aase_unified/af/af_vllm_native.py,[zip]AASE_Conolidated_Data_aase_unified_package/aase_unified/af/af_vllm_native.py,pass2:consolidated-data,5f7879f991c705f75e7a82b0ca07ad5acd0eb003453b60a56ffca84d45a785df,17346,2026-01-28 07:54,copy,extracted from aase_unified_package.zip
experiments/consolidated-data/_zips/AAG PoC.zip,AASE Conolidated Data/AAG PoC.zip,pass2:consolidated-data,f909b02c5a32f95fbade9d145a3ba7b1daa0ff892a8c2ceb3dfcb248c2a2971f,75975,2026-01-28 08:15,copy,original zip (contents extracted alongside)
experiments/consolidated-data/_zips/APC PoC.zip,AASE Conolidated Data/APC PoC.zip,pass2:consolidated-data,b7d892a3004d6c454e6102deb55c76382b710ae4ffeb66f50a75ff18220e39ba,39263,2026-01-28 08:25,copy,original zip (contents extracted alongside)
experiments/consolidated-data/_zips/aase_unified_package.zip,AASE Conolidated Data/aase_unified_package.zip,pass2:consolidated-data,961970a719bdda9126b715732aa8632a696f9c0f769a4e60b04a8d3933a3dad5,148640,2026-01-28 08:29,copy,original zip (contents extracted alongside)
experiments/consolidated-data/_zips/AF PoC.zip,AASE Conolidated Data/AF PoC.zip,pass2:consolidated-data,740f1a62656e0fa8123c5f173f1b8669d185feaade8f9f547a9f0fadf167d06c,26411,2026-01-28 07:54,copy,original zip (contents extracted alongside)
experiments/vllm-prototype/01_test_vllm_hidden_states.py,files (13)/01_test_vllm_hidden_states.py,pass2:files13,3a66bf1f64065cf92bed0d3a99a60067f3b629b9c84f035eda53ebf6b45c7439,1964,2026-01-03 22:28,copy,vLLM hook feasibility scripts 01–04
experiments/vllm-prototype/02_test_io_processor_plugin.py,files (13)/02_test_io_processor_plugin.py,pass2:files13,ff75d248cb09ce3767d4ebfad88c45059cb632339dfa1198597e5ec1ef37a9e3,3116,2026-01-03 22:28,copy,vLLM hook feasibility scripts 01–04
experiments/vllm-prototype/README.md,files (13)/README.md,pass2:files13,3bbfcd52b816e65fdafbebefaf498f0c732d1bfaafda98c6534ca3286c8245fe,2262,2026-01-03 22:28,copy,vLLM hook feasibility scripts 01–04
packaging/16_balanced_validation.py,AASE packaging/16_balanced_validation.py,pass2:aase-packaging,567e0939bb3f7c41816f18d23481a2467742767060523d6f58688a4b0bc462a3,8689,2026-01-03 16:35,copy,packaging-era script / upload staging
packaging/upload/_zips/aase calibrate.zip,AASE packaging/upload/aase calibrate.zip,pass2:aase-packaging,c33f8bd257fc24d4ea97c40656adf0ed0ec284b2c6a4de5548ea2c7e83bbf156,12592,2026-01-03 18:38,copy,original upload zip
packaging/upload/_zips/aase.zip,AASE packaging/upload/aase.zip,pass2:aase-packaging,604314f17a60cbd6aeb3ddcadb9627d1f864a0028652d5b7ebb717076fd3641a,42304,2026-01-03 18:32,copy,original upload zip
packaging/upload/_zips/scripts.zip,AASE packaging/upload/scripts.zip,pass2:aase-packaging,c85a9d5a790bdec7eea3f995327ce9bbd39357188fd7bc8eaa5121413b00f872,14186,2026-01-03 19:03,copy,original upload zip
packaging/upload/aase/llmd.py,AASE packaging/upload/aase/llmd.py,pass2:aase-packaging,98f04e13d602d52ca23792136693ccbe9dc14131f63943251525c7afbed0715a,15113,2026-01-04 02:32,copy,packaging-era script / upload staging
packaging/upload/aase/vllm.py,AASE packaging/upload/aase/vllm.py,pass2:aase-packaging,2e1ce87600eba159fb48270b279e5fe079545cce8b3e1fba1cbbf8f57f7b8c37,8853,2026-01-04 02:32,copy,packaging-era script / upload staging
docs/product/AASE_FAQ.pdf,AASE FAQ.pdf,pass2:root-docs,5d12938630eb2e27dfe01d29c8ee60211f9990b5280e443d5cb6d85485cae80b,72975,2026-01-29 09:44,copy,product/positioning doc from Downloads root
docs/product/AASE_Architecture_Diagram.html,AASE_Architecture_Diagram.html,pass2:root-docs,b86af136ec41457157a56c025fab7706d99248f7f4f24155ec83516c8022cbcd,31574,2025-12-29 23:40,copy,product/positioning doc from Downloads root
docs/product/AASE_FAQ_v2.docx,AASE_FAQ_v2.docx,pass2:root-docs,dbe320f413b7963c3ed353fdd9a63d7ddb093bb2ffe844ad01d444edb470f60b,11828,2025-12-29 23:01,copy,product/positioning doc from Downloads root
docs/product/AASE_FAQ_v3.docx,AASE_FAQ_v3.docx,pass2:root-docs,3897ad8b9e57138acaeb616bd7e31f14d0e6e08827669fd260e777e1dd3b8bab,12306,2025-12-29 23:04,copy,product/positioning doc from Downloads root
docs/product/AASE_Podcast_Briefing.md,AASE_Podcast_Briefing.md,pass2:root-docs,f31a6286c9ff26ac2d68424108c5f6f38941e838862b33c44d48be5fe3d34b24,9382,2026-01-30 17:34,copy,product/positioning doc from Downloads root
docs/product/AASE_Product_Strategy_v2.docx,AASE_Product_Strategy_v2.docx,pass2:root-docs,a0566c252f100aa86a43799d70425e6bb455d667b7741f8f07a95c0daefb72fd,12785,2025-12-29 23:01,copy,product/positioning doc from Downloads root
docs/product/AASE_README.docx,AASE_README.docx,pass2:root-docs,f6d1d885231e5bc5e3aa39889bcd4323e05cc1d1ceb72408d0f997228621251c,16166,2025-12-29 21:31,copy,product/positioning doc from Downloads root
docs/product/AF_Benchmark_Results_(1).docx,AF_Benchmark_Results (1).docx,pass2:root-docs,5d09864e65caffe2b23b1f7d0ae3b6b24d518c7462c4d52884a7460c017692fd,17680,2025-12-29 16:48,copy,product/positioning doc from Downloads root
docs/product/AF_Benchmark_Results_(2).docx,AF_Benchmark_Results (2).docx,pass2:root-docs,ddb188ce62c1f61e1cf39fe404e86c7eb5beae3030b3cf9ed2eb62491d424b6f,19326,2026-01-01 13:00,copy,product/positioning doc from Downloads root
docs/product/AF_Benchmark_Results.docx,AF_Benchmark_Results.docx,pass2:root-docs,a58da280835a79cc3de7cd715a8795742e5b5eef3570e3e45bd9a300dba1d1fc,17160,2025-12-29 16:21,copy,product/positioning doc from Downloads root
docs/product/AF_Competitive_Landscape_(1).docx,AF_Competitive_Landscape (1).docx,pass2:root-docs,ec9de40aaa416bac4599d2124e61bfe41053c5bd05630bbcab1146fa587d5763,19649,2025-12-28 16:33,copy,product/positioning doc from Downloads root
docs/product/AF_Competitive_Landscape.docx,AF_Competitive_Landscape.docx,pass2:root-docs,c62f799a6aeb5bbb6e0325cf35c3779024ab914590f963b070d7f3681519e26c,18798,2025-12-28 16:21,copy,product/positioning doc from Downloads root
docs/product/AF_Executive_Brief_(1).docx,AF_Executive_Brief (1).docx,pass2:root-docs,900f60e65a63e11d771c076387f9d26cba65fed67b188171e91f1abc37028d1b,9702,2025-12-28 16:33,copy,product/positioning doc from Downloads root
docs/product/AF_Executive_Brief_(2).docx,AF_Executive_Brief (2).docx,pass2:root-docs,9ffe498284f5896fd0adb56220e0c56f0ddf71d010aa0afb9b9205220ff5e8b8,9958,2026-01-01 13:00,copy,product/positioning doc from Downloads root
docs/product/AF_PRE_PITCH_SUMMARY.md,AF_PRE_PITCH_SUMMARY.md,pass2:root-docs,29a567a1fb293831e0f0333987d2ad40f71d3783f579b90a56f5983f3cdbf7e2,8468,2025-12-27 23:35,copy,product/positioning doc from Downloads root
docs/product/AF_Product_Strategy_(1).docx,AF_Product_Strategy (1).docx,pass2:root-docs,caf77357592e89e07281861ce1b2f7c19118b058ab8d521ea6867a69c2361b8f,24321,2025-12-28 16:33,copy,product/positioning doc from Downloads root
docs/product/AF_Product_Strategy_(2).docx,AF_Product_Strategy (2).docx,pass2:root-docs,943813071927490cb04555c74e2e3c57b8343495a87d8f1a3e4514ddb91a5b8b,24321,2026-01-01 13:00,copy,product/positioning doc from Downloads root
docs/product/AF_Technical_FAQ_(1).docx,AF_Technical_FAQ (1).docx,pass2:root-docs,944aa7a9779ef9fcf7b111f7c900e36237486e3cc8c7ea37217a49a3acb00725,21141,2025-12-28 16:33,copy,product/positioning doc from Downloads root
docs/product/AF_Technical_FAQ_(2).docx,AF_Technical_FAQ (2).docx,pass2:root-docs,1c9c384d1e9402baf659daae18c11ac4a516ee789a1976bd0ad29f91721482a3,21801,2026-01-01 13:00,copy,product/positioning doc from Downloads root
docs/product/AF_Technical_FAQ.docx,AF_Technical_FAQ.docx,pass2:root-docs,13fadb95d506c092e89e50bedb8595c7f42fd71e508d206c73a23056c4e02e7c,20421,2025-12-28 16:11,copy,product/positioning doc from Downloads root
docs/product/AHD_Confidence_Pitch_Gemma.docx,AHD_Confidence_Pitch_Gemma.docx,pass2:root-docs,49885aeaaedb6f99287bd1a581ff01116a01ec69b6eff05be13e818f4faf8876,12089,2026-01-01 19:21,copy,product/positioning doc from Downloads root
docs/product/AHD_IDF_v1_(1).docx,AHD_IDF_v1 (1).docx,pass2:root-docs,8f99c229076d3877e1de933fb5be15fea3cc5f8c2ada325d3def8897a02f5062,16610,2025-12-31 15:27,copy,product/positioning doc from Downloads root
docs/product/AHD_IDF_v1.docx,AHD_IDF_v1.docx,pass2:root-docs,ad160db446f181ba61346a24d6a176405835a046f7ec4ef794b79fe0ae3f27dd,17536,2025-12-31 15:24,copy,product/positioning doc from Downloads root
docs/product/AHD_Technical_Design_Doc.docx,AHD_Technical_Design_Doc.docx,pass2:root-docs,dd33f4ab678312b6b157b63b62976bba75fcb600a8a2c285ca67a08fa4ac50af,14043,2026-01-01 19:22,copy,product/positioning doc from Downloads root
docs/product/AHD_Technical_Summary_Clayton_(1).docx,AHD_Technical_Summary_Clayton (1).docx,pass2:root-docs,3f73bbcd33dfbc071efbd356fd5f0789b31076fa1e957ff9d3b56bf3102663b5,9721,2026-01-01 19:42,copy,product/positioning doc from Downloads root
docs/product/APC_Benchmark_Results.md,APC_Benchmark_Results.md,pass2:root-docs,798be071d0e77d3e61de0515e3afb78a77bb5e9d353b8c6182a30124a118b6de,14227,2025-12-29 20:53,copy,product/positioning doc from Downloads root
docs/product/APC_Executive_Brief.md,APC_Executive_Brief.md,pass2:root-docs,7162ad958ed184942e51cd38c603e95c6a7dd1c726b06654ace61701da47c3a0,4059,2025-12-29 20:54,copy,product/positioning doc from Downloads root
docs/product/APC_IDF_(1).md,APC_IDF (1).md,pass2:root-docs,d13912174cbbd9a072179a266a8aab6c5594d8d1cf3e287bae87c941d2196c2d,25990,2025-12-29 21:18,copy,product/positioning doc from Downloads root
docs/product/APC_IDF.docx,APC_IDF.docx,pass2:root-docs,14a908d92605e629f7766d5a8992926bc4f743e59b1b2f28cc7d114cd005d11a,19120,2025-12-29 22:14,copy,product/positioning doc from Downloads root
docs/product/APC_IDF.md,APC_IDF.md,pass2:root-docs,3d1166d2b3d2b734870242917d2ff5aa32b28db6bf966aad2a35b7df1f135579,17213,2025-12-29 20:53,copy,product/positioning doc from Downloads root
docs/product/APC_IDF_v3.docx,APC_IDF_v3.docx,pass2:root-docs,b968de7c0c07f5733be4ef75ad02f04c9346e9107881bcec1ff9cbcde8948e02,19068,2025-12-31 18:23,copy,product/positioning doc from Downloads root
docs/product/APC_Strategic_Assessment.md,APC_Strategic_Assessment.md,pass2:root-docs,17aac032979f4d9e0758aecc19b4f23621308a2e6a581e2913cd392584bd596e,15077,2025-12-29 20:11,copy,product/positioning doc from Downloads root
docs/product/APC_Technical_FAQ.md,APC_Technical_FAQ.md,pass2:root-docs,07f7d4540f9e645ee1beef55e13c2cb4b9ff8465b767b5b8fea3c255c7672ea4,14435,2025-12-29 20:54,copy,product/positioning doc from Downloads root
docs/product/IDF_v4_content.md,IDF_v4_content.md,pass2:root-docs,044333fcaf74774d44fc5c50de17bc92ab2db558351269e59ddcad780c62f2b8,15522,2025-12-30 14:10,copy,product/positioning doc from Downloads root
docs/product/INTEGRATION_GUIDE.md,INTEGRATION_GUIDE.md,pass2:root-docs,e4e3c16c3fe84d3d6068a354acdbb7b31f11371c15f18da371df533d40d38d61,18500,2026-01-03 22:50,copy,product/positioning doc from Downloads root
docs/product/aag_llmd_compatibility.md,aag_llmd_compatibility.md,pass2:root-docs,e75be59cd9bfd9837064f9be7f6744ceb639a4a48c8fdfcff523c6a26ab40390,11623,2026-01-04 14:53,copy,product/positioning doc from Downloads root
docs/product/aase_ams_gtm_plan.docx,aase_ams_gtm_plan.docx,pass2:root-docs,d7909b3ee5c839d3c651bc1fee01eebae17dc8ff6a83eb337e9d972ce7cdb12d,15666,2026-01-10 14:23,copy,product/positioning doc from Downloads root
docs/product/aase_faq.md,aase_faq.md,pass2:root-docs,c78875b9f19bce20a9e2c91734851c83ba1c2545b2b2006d7044dbb147d15552,11215,2026-01-28 21:47,copy,product/positioning doc from Downloads root
docs/product/activation_fingerprinting_diagram.html,activation_fingerprinting_diagram.html,pass2:root-docs,a7eaa018b99bf49cb7805834b454db63a534a049ad205ec7e05855674d8c1926,24692,2025-12-17 22:31,copy,product/positioning doc from Downloads root
docs/product/activation_fingerprinting_diagram_v2_(1).html,activation_fingerprinting_diagram_v2 (1).html,pass2:root-docs,098a15d04422c098df031a06c8d608da1444ffe5b52517a97a67b9d9dcd28858,27138,2025-12-23 21:27,copy,product/positioning doc from Downloads root
docs/product/activation_fingerprinting_diagram_v2.html,activation_fingerprinting_diagram_v2.html,pass2:root-docs,5b7278029b154c024e666d7fd1c17ace2f9618d7077739268bb762a3467a5866,33399,2025-12-22 18:37,copy,product/positioning doc from Downloads root
docs/product/activation_fingerprinting_economic_analysis_prompt.md,activation_fingerprinting_economic_analysis_prompt.md,pass2:root-docs,2507fd5adae9822fbe41dd369e4181807925b534c26475614c43854352f70fbb,6311,2025-12-22 23:07,copy,product/positioning doc from Downloads root
docs/product/af_architecture_diagram.html,af_architecture_diagram.html,pass2:root-docs,10acc791506d1a19598fc0790a87a98a18598616b6b61290b59809ffde53a409,26098,2025-12-26 01:15,copy,product/positioning doc from Downloads root
docs/product/af_context_prompt.md,af_context_prompt.md,pass2:root-docs,83a5c9a7d13d398b7e3934f68c70fdf09e20eff4170f0c660ed1fe83ee71d91a,15601,2025-12-23 18:28,copy,product/positioning doc from Downloads root
docs/product/af_edge_mobile_analysis_prompt.md,af_edge_mobile_analysis_prompt.md,pass2:root-docs,e87dac88efb2e731a16fd00208e1d72a0e52b1b46f3dcf5fb88e2b191d42abcd,6406,2025-12-23 08:04,copy,product/positioning doc from Downloads root
docs/product/af_lessons_learned.docx,af_lessons_learned.docx,pass2:root-docs,8248c57c1a28080de16dd80f26322493ca9bd16532ac008e51fd72fc21261b3c,13328,2025-12-23 18:23,copy,product/positioning doc from Downloads root
docs/product/af_technical_writeup.docx,af_technical_writeup.docx,pass2:root-docs,c11ad48dc2fcae0e696df8bb4bfff028e43d96b575c5c18581f38cfb2628680f,14712,2025-12-23 18:24,copy,product/positioning doc from Downloads root
docs/product/new_prompt/activation_fingerprinting_validation_report_v8.docx,new prompt/activation_fingerprinting_validation_report_v8.docx,pass2:new-prompt,a08a0d45d3d842146baa5a1f076838a0d53ff1c9ebe2f937fc0bade27d90820a,14975,2025-12-23 00:35,copy,context-prompt bundle (2025-12-27)
docs/product/new_prompt/af_architecture_diagram.html,new prompt/af_architecture_diagram.html,pass2:new-prompt,ad6a2c145990d20f8bf04aeeeafaeabdc0bfa61190c083b8559fedeb05d8e26b,18978,2025-12-27 22:37,copy,context-prompt bundle (2025-12-27)
docs/product/new_prompt/af_context_prompt_v2.md,new prompt/af_context_prompt_v2.md,pass2:new-prompt,5623dfc03fc17b0cab90e9cefb87d617e22cc91a0e947171e57fb7114f79dde8,8263,2025-12-27 23:05,copy,context-prompt bundle (2025-12-27)
docs/product/new_prompt/af_one_pager_gemma.docx,new prompt/af_one_pager_gemma.docx,pass2:new-prompt,16aa8bbf827bc7f53569b7d6a417c94c9481d6225d5e52a29baf4fac9a8b4385,10979,2025-12-27 22:59,copy,context-prompt bundle (2025-12-27)
docs/product/new_prompt/af_technical_documentation_v2.docx,new prompt/af_technical_documentation_v2.docx,pass2:new-prompt,ba2f77b5500bd925baf593e779c872f7873004fa5a6c1fdf2779c02730315c47,15136,2025-12-27 22:58,copy,context-prompt bundle (2025-12-27)
third_party/benign_sets/jbb_benign_behaviors.csv,https://huggingface.co/datasets/JailbreakBench/JBB-Behaviors/resolve/main/data/benign-behaviors.csv,phase0:download,3cda234d21a991fa309bbfea4b6d9dae31ccdf8e9d452424b6a983e4fdc33468,20570,2026-09-02 21:51,download,benign counterpart candidate for AF FPR (see manifest/third_party.csv)
third_party/benign_sets/jbb_harmful_behaviors.csv,https://huggingface.co/datasets/JailbreakBench/JBB-Behaviors/resolve/main/data/harmful-behaviors.csv,phase0:download,4a8ec6832056b631eb092dccc60d37a61c3d441268268888b3d006288afeffa1,23116,2026-09-02 21:51,download,benign counterpart candidate for AF FPR (see manifest/third_party.csv)
third_party/benign_sets/xstest_v2_prompts.csv,https://raw.githubusercontent.com/paul-rottger/xstest/main/xstest_prompts.csv,phase0:download,11783fb294ed017473ee53c207d71f2161c7672c8d0b037501e78387f801cb5a,38719,2026-09-02 21:51,download,benign counterpart candidate for AF FPR (see manifest/third_party.csv)
third_party/harmbench,https://github.com/centerforaisafety/HarmBench.git,phase0:submodule,,,2026-09-02,git submodule add,"commit 8e1604d1171fe8a48d8febecd22f600e462bdcdd (shallow clone, main)"
datasets/aag_benign_eval.jsonl,built by aase_eval/build_benign_set.py,stage2:built,0fb4b15a2bf64d69d09efb61d614235f9aa2625532a4bde41fd4c0b76e9ad001,182989,2026-09-03,build,120-case AAG benign eval set (17 injecagent_user + 63 agentdojo + 40 authored); re-pinned 2026-09-03 after authored-case sign-off (reviewed_by Glen Messenger)
datasets/aag_benign_eval.jsonl.build.json,built by aase_eval/build_benign_set.py,stage2:built,5c94fd6d4ed852e79a91a0555f720ff91712b6ab5761a5288f401e970bae5dc1,1860,2026-09-03,build,exclusion/backfill accounting for the benign set; re-pinned 2026-09-03 after authored-case sign-off (reviewed_by Glen Messenger)
datasets/sources/agentdojo_v1.2.2_extract.json,"agentdojo==0.1.35 (PyPI, MIT) suites v1.2.2 via aase_eval/extract_agentdojo.py",stage2:extract,8bf01e82e7a32e4781b51310e3e03426d0b57aadb9faa1aa7256a1207d8e2d59,193325,2026-09-02,build,"144 ground-truth benign tool outputs, no injections"
